id,make,model,year,price,mileage,engine_size,fuel_type,transmission,doors,color,tax,mpg,sold_date
1,Volkswagen,Model B,2022,23859,94811,3.6,Diesel,Manual,2,Grey,288,39.2,2023-10-11
2,Chevrolet,Model A,2008,16953,128028,4.9,Diesel,Manual,5,Red,339,15.3,2021-04-22
3,BMW,Model B,2006,12332,49178,4.1,Diesel,Automatic,4,Red,458,37.2,2020-05-04
4,Chevrolet,Model B,2018,18475,42821,2.7,Hybrid,Manual,5,Silver,486,43.7,2021-06-20
5,Chevrolet,Model C,2017,12129,192799,2.8,Gasoline,Manual,4,Silver,295,19.1,2021-12-06
6,Toyota,Model D,2016,24551,26999,3.5,Electric,Manual,5,White,396,44.7,2023-11-26
7,BMW,Model D,2011,31428,48712,3.7,Electric,Automatic,3,Grey,264,11.3,2021-06-14
8,BMW,Model B,2006,18173,181244,3.0,Electric,Automatic,3,Red,406,46.5,2022-02-24
9,BMW,Model C,2017,26611,43722,3.6,Gasoline,Manual,2,Red,370,14.7,2020-09-10
10,Chevrolet,Model B,2018,15175,20625,1.1,Electric,Manual,4,Red,107,35.8,2020-04-30
11,Volkswagen,Model B,2021,17882,16859,2.7,Hybrid,Automatic,2,Red,137,20.0,2022-11-21
12,BMW,Model B,2013,14295,182681,2.1,Gasoline,Automatic,3,Black,213,43.5,2021-10-22
13,Honda,Model C,2021,5068,184379,1.5,Diesel,Manual,4,Grey,438,30.5,2022-11-26
14,Chevrolet,Model D,2012,19744,120986,1.4,Hybrid,Manual,2,Blue,155,15.4,2023-09-27
15,Toyota,Model C,2006,20899,31839,3.4,Diesel,Automatic,2,Blue,458,32.8,2022-11-02
16,Volkswagen,Model A,2017,27461,37216,3.1,Electric,Automatic,2,White,237,26.3,2023-04-21
17,Honda,Model C,2007,25568,62953,2.0,Hybrid,Manual,2,Black,201,36.5,2023-07-12
18,Honda,Model C,2020,25662,59522,2.9,Gasoline,Automatic,2,Red,433,45.3,2020-03-28
19,Toyota,Model C,2010,13181,145958,3.0,Hybrid,Manual,4,Red,276,26.4,2020-02-15
20,Volkswagen,Model C,2011,23216,121249,1.8,Diesel,Manual,2,Silver,268,21.6,2023-11-16
21,Chevrolet,Model D,2014,31078,17485,3.6,Gasoline,Manual,4,Silver,438,10.6,2023-02-16
22,Ford,Model A,2013,22659,172527,4.1,Hybrid,Automatic,2,White,385,33.0,2022-07-21
23,Volkswagen,Model D,2006,32800,157839,4.2,Hybrid,Manual,3,Red,360,26.1,2022-01-14
24,Toyota,Model D,2019,34132,122701,3.4,Hybrid,Manual,3,White,474,25.0,2022-08-24
25,Honda,Model C,2009,18120,169525,3.0,Hybrid,Automatic,2,Black,322,17.3,2022-02-01
26,Chevrolet,Model B,2008,15121,112638,1.2,Gasoline,Automatic,5,Blue,298,27.2,2022-01-31
27,Volkswagen,Model B,2008,14669,194514,2.2,Diesel,Manual,3,Red,310,49.4,2022-03-04
28,Ford,Model D,2022,9387,192949,1.4,Hybrid,Manual,4,Grey,386,21.9,2022-01-13
29,Ford,Model D,2008,16371,22226,4.9,Gasoline,Automatic,2,Black,279,34.0,2022-12-05
30,BMW,Model C,2021,28453,103405,1.5,Diesel,Automatic,4,Red,349,41.1,2021-07-11
31,BMW,Model D,2016,4571,32588,1.6,Hybrid,Automatic,5,Grey,330,40.0,2021-06-09
32,Toyota,Model C,2021,12737,172781,4.6,Diesel,Manual,2,Silver,122,23.2,2021-08-19
33,Volkswagen,Model B,2014,19110,188860,4.8,Diesel,Manual,3,White,147,34.4,2022-04-19
34,Volkswagen,Model B,2005,13859,47019,4.1,Gasoline,Manual,4,Silver,208,44.9,2020-01-03
35,Honda,Model A,2022,16308,186020,1.0,Diesel,Automatic,3,Blue,395,10.6,2022-11-17
36,Honda,Model B,2022,16413,75133,1.0,Gasoline,Manual,3,Silver,105,27.4,2023-11-05
37,Honda,Model D,2018,18197,124444,2.5,Hybrid,Automatic,2,Red,137,19.0,2020-06-05
38,BMW,Model B,2019,14893,127603,1.6,Diesel,Manual,4,Grey,268,25.5,2022-05-04
39,Volkswagen,Model C,2016,14321,168598,1.1,Diesel,Automatic,5,Silver,455,26.6,2021-05-25
40,Volkswagen,Model B,2008,26540,138585,2.9,Electric,Manual,3,Red,382,39.9,2023-09-18
41,Ford,Model A,2007,27347,193270,4.8,Hybrid,Manual,2,Blue,302,13.8,2021-11-17
42,BMW,Model B,2016,10336,53395,2.3,Hybrid,Automatic,2,Grey,424,30.5,2023-02-11
43,Chevrolet,Model C,2011,3000,165103,3.6,Electric,Automatic,5,Silver,412,32.6,2023-11-13
44,BMW,Model C,2015,27443,135814,3.6,Electric,Manual,2,White,372,29.8,2023-06-27
45,Chevrolet,Model D,2005,11398,178773,2.0,Gasoline,Automatic,3,White,343,39.3,2021-07-24
46,Ford,Model B,2010,21489,122599,3.6,Gasoline,Automatic,2,Grey,426,25.4,2021-12-15
47,Toyota,Model C,2019,9040,35939,1.8,Diesel,Manual,4,White,146,47.8,2023-08-31
48,Volkswagen,Model A,2019,29084,190217,1.5,Diesel,Automatic,4,Silver,348,29.3,2020-08-26
49,Ford,Model D,2015,37805,161396,3.8,Diesel,Manual,3,Silver,178,32.8,2023-06-11
50,Volkswagen,Model A,2006,21279,163939,1.5,Diesel,Manual,4,Grey,209,43.0,2020-10-29
51,Honda,Model B,2018,19341,10203,5.0,Gasoline,Automatic,5,Silver,112,21.0,2021-08-29
52,Toyota,Model B,2006,17745,157616,1.7,Hybrid,Automatic,2,Red,494,13.0,2022-09-17
53,Toyota,Model B,2008,25472,156971,3.4,Diesel,Manual,3,Blue,479,38.3,2020-11-29
54,Ford,Model D,2021,23973,39063,2.6,Hybrid,Manual,5,White,464,29.3,2020-04-22
55,Toyota,Model C,2007,27024,100880,1.5,Diesel,Manual,2,Red,189,45.9,2020-12-27
56,Chevrolet,Model D,2017,15604,13748,1.1,Electric,Manual,5,Grey,441,49.3,2022-03-11
57,Toyota,Model A,2013,22380,127269,3.5,Diesel,Manual,3,White,447,26.0,2020-04-06
58,Volkswagen,Model D,2011,16202,90764,4.2,Diesel,Manual,3,Red,379,26.6,2020-01-16
59,Volkswagen,Model A,2019,12595,161956,4.4,Diesel,Automatic,5,Silver,320,26.3,2021-07-09
60,Volkswagen,Model D,2015,19712,166255,2.9,Gasoline,Automatic,2,Grey,172,23.0,2021-01-10
61,Volkswagen,Model C,2006,13542,118036,4.1,Electric,Automatic,4,Grey,333,41.3,2022-01-11
62,Chevrolet,Model A,2019,28216,160331,3.7,Diesel,Manual,4,White,359,40.4,2021-01-24
63,BMW,Model B,2018,13966,177031,3.9,Diesel,Automatic,5,Silver,212,29.1,2021-09-11
64,Honda,Model B,2015,22544,126525,3.0,Hybrid,Manual,3,White,145,11.8,2023-05-25
65,Ford,Model D,2007,15776,174529,3.5,Electric,Manual,2,Black,373,22.4,2023-11-23
66,Volkswagen,Model B,2021,21939,95679,4.2,Diesel,Automatic,2,Red,142,21.7,2023-07-07
67,Toyota,Model A,2016,16332,135829,2.6,Hybrid,Manual,3,Black,307,42.4,2022-04-03
68,Volkswagen,Model B,2019,11199,138216,4.2,Hybrid,Manual,4,Red,448,13.5,2020-11-15
69,Toyota,Model C,2020,23386,143175,3.4,Gasoline,Manual,2,Blue,202,42.2,2020-07-14
70,Honda,Model C,2009,18352,75901,1.7,Hybrid,Manual,5,Grey,223,36.8,2021-02-21
71,Honda,Model D,2010,22001,185607,1.1,Diesel,Manual,4,White,109,39.3,2021-08-29
72,Honda,Model A,2009,16998,157175,2.5,Gasoline,Manual,5,Blue,428,27.3,2021-07-21
73,Toyota,Model C,2007,10704,108046,3.2,Gasoline,Automatic,4,Blue,286,37.2,2021-06-27
74,Volkswagen,Model C,2005,27582,100012,4.4,Diesel,Manual,3,Grey,130,34.4,2020-08-18
75,Honda,Model A,2010,25157,88278,1.5,Electric,Manual,5,Grey,255,40.8,2022-06-02
76,Chevrolet,Model B,2019,16031,22391,4.2,Hybrid,Manual,5,Red,159,27.9,2021-06-04
77,Toyota,Model B,2006,20488,112476,4.5,Gasoline,Manual,3,Black,348,28.9,2021-12-03
78,Toyota,Model D,2007,27294,169973,1.6,Electric,Automatic,5,Silver,486,35.7,2023-05-08
79,Volkswagen,Model B,2021,16800,130721,4.4,Diesel,Automatic,4,Red,473,14.3,2022-04-25
80,Toyota,Model A,2016,17886,107537,5.0,Hybrid,Manual,2,Silver,369,27.4,2021-11-03
81,Toyota,Model C,2022,21705,91159,3.9,Hybrid,Manual,2,Blue,316,48.9,2020-01-21
82,Honda,Model B,2019,16786,141040,4.1,Gasoline,Manual,3,Silver,498,11.5,2023-08-27
83,Volkswagen,Model D,2016,25999,191429,5.0,Hybrid,Automatic,4,Black,101,22.6,2021-08-10
84,Honda,Model B,2020,18817,179509,3.4,Hybrid,Automatic,5,Red,123,22.6,2022-06-16
85,Honda,Model A,2012,14511,45503,2.2,Hybrid,Automatic,5,Grey,305,35.3,2023-12-28
86,Volkswagen,Model D,2018,24260,85403,4.4,Hybrid,Automatic,2,Black,419,14.2,2021-01-05
87,Ford,Model B,2021,12005,182330,3.5,Diesel,Manual,5,Black,298,35.1,2020-03-18
88,Honda,Model D,2012,34104,174796,3.3,Electric,Automatic,2,Red,455,13.8,2023-08-01
89,Chevrolet,Model A,2019,31077,74286,2.0,Diesel,Automatic,3,Grey,213,13.8,2021-10-09
90,Chevrolet,Model C,2018,23594,84842,4.0,Diesel,Manual,5,Black,379,39.1,2020-05-19
91,Toyota,Model A,2022,23005,114927,1.3,Gasoline,Manual,4,Grey,254,23.0,2021-07-06
92,Chevrolet,Model A,2011,22677,24908,4.7,Hybrid,Automatic,5,White,264,49.1,2022-09-24
93,Toyota,Model A,2007,16576,191698,2.3,Diesel,Automatic,2,White,321,11.5,2020-10-08
94,Ford,Model A,2016,22081,47228,1.5,Hybrid,Automatic,3,White,190,27.8,2023-07-05
95,Volkswagen,Model C,2007,13538,33386,2.8,Diesel,Automatic,2,Silver,266,14.5,2023-10-15
96,Volkswagen,Model C,2018,23526,187826,1.2,Diesel,Manual,5,Black,306,24.1,2021-03-15
97,Volkswagen,Model D,2019,26074,38302,3.7,Gasoline,Manual,2,Red,381,49.9,2020-09-26
98,Chevrolet,Model B,2018,17353,70815,4.6,Electric,Automatic,2,Red,164,45.6,2023-03-03
99,Ford,Model C,2011,15834,73344,4.3,Electric,Automatic,3,Silver,475,11.9,2022-01-15
100,Chevrolet,Model C,2021,11512,176690,1.5,Diesel,Automatic,4,Red,103,32.5,2020-04-13
101,Chevrolet,Model B,2016,30205,121603,1.5,Gasoline,Automatic,5,White,256,35.9,2022-02-04
102,Ford,Model C,2008,16390,71114,4.3,Hybrid,Automatic,3,Black,348,18.4,2020-04-04
103,Ford,Model A,2013,18608,35525,4.7,Hybrid,Manual,4,Red,356,15.8,2021-12-29
104,Ford,Model A,2010,22101,89818,2.8,Diesel,Manual,2,Red,334,46.2,2021-04-24
105,Ford,Model B,2020,21975,124589,3.0,Electric,Manual,4,Blue,405,48.8,2022-02-18
106,Volkswagen,Model D,2006,25225,155406,2.3,Gasoline,Automatic,2,Blue,465,49.7,2023-06-18
107,BMW,Model D,2012,17344,104715,4.6,Electric,Automatic,2,Blue,494,41.6,2020-01-13
108,BMW,Model B,2015,12029,16644,3.6,Hybrid,Manual,3,Black,173,36.5,2023-03-16
109,Ford,Model B,2017,10804,111154,2.2,Electric,Manual,2,White,286,23.8,2021-08-23
110,BMW,Model A,2021,15945,174005,2.2,Hybrid,Automatic,3,Grey,161,16.9,2020-04-04
111,BMW,Model D,2012,13337,53469,4.6,Gasoline,Manual,4,White,436,13.2,2020-10-19
112,Ford,Model C,2022,17874,174759,1.1,Gasoline,Automatic,4,White,263,37.7,2020-01-25
113,BMW,Model A,2022,29153,116609,2.3,Diesel,Automatic,2,Black,155,41.4,2023-07-19
114,Chevrolet,Model B,2018,17359,193728,3.2,Diesel,Manual,3,Black,210,43.1,2023-04-04
115,Toyota,Model D,2019,17356,158447,1.6,Electric,Manual,2,Blue,317,46.6,2022-07-27
116,Toyota,Model C,2010,19885,75206,1.4,Gasoline,Manual,3,Red,339,45.2,2022-01-31
117,Ford,Model C,2015,17160,106462,4.3,Gasoline,Automatic,3,Silver,120,50.0,2023-01-15
118,Volkswagen,Model A,2017,19528,177679,4.6,Diesel,Automatic,3,Silver,240,19.8,2021-10-15
119,Ford,Model D,2005,23786,93178,4.3,Hybrid,Manual,4,Grey,364,40.5,2022-09-11
120,Volkswagen,Model D,2010,26193,165065,4.6,Electric,Automatic,3,Red,238,33.5,2021-09-29
121,Toyota,Model B,2013,27022,185458,3.2,Electric,Automatic,4,Grey,169,20.4,2021-05-05
122,Ford,Model D,2012,34397,187359,4.2,Diesel,Automatic,3,Blue,484,49.3,2023-03-10
123,Honda,Model D,2015,23985,96724,2.5,Gasoline,Manual,4,Grey,217,45.9,2023-01-31
124,Chevrolet,Model A,2013,35641,106393,3.7,Diesel,Automatic,5,Red,297,15.1,2023-06-03
125,BMW,Model D,2021,14564,137314,5.0,Diesel,Manual,4,Red,304,11.0,2021-07-28
126,Volkswagen,Model C,2016,34638,86312,1.9,Diesel,Manual,4,Silver,313,37.5,2020-10-20
127,Honda,Model A,2018,17337,85324,2.6,Diesel,Automatic,2,Blue,155,34.2,2022-06-14
128,BMW,Model A,2019,18025,81196,2.9,Hybrid,Manual,3,Black,386,47.4,2023-08-22
129,BMW,Model B,2020,19160,80014,1.6,Hybrid,Automatic,5,Grey,392,19.4,2023-07-01
130,Ford,Model D,2005,18469,149282,1.3,Gasoline,Manual,2,Silver,274,13.4,2023-04-18
131,BMW,Model B,2014,20600,151994,4.3,Diesel,Manual,3,Grey,446,20.4,2020-02-09
132,Chevrolet,Model C,2012,15939,177361,4.9,Hybrid,Automatic,5,Grey,469,10.8,2022-02-14
133,Honda,Model A,2022,25809,43340,2.6,Gasoline,Manual,5,Black,227,11.4,2021-06-03
134,BMW,Model A,2005,16130,49850,1.4,Diesel,Manual,5,Blue,477,46.6,2021-06-29
135,Ford,Model A,2006,24589,198056,1.3,Electric,Manual,3,Red,424,24.1,2020-08-23
136,Chevrolet,Model C,2005,30694,123711,4.6,Hybrid,Automatic,5,White,391,26.4,2021-04-07
137,Toyota,Model C,2005,17500,21094,2.9,Gasoline,Automatic,5,Grey,387,10.7,2023-06-05
138,Honda,Model B,2013,25560,97959,2.3,Electric,Manual,2,White,325,20.8,2021-04-27
139,BMW,Model B,2017,23914,174490,2.9,Diesel,Manual,4,Blue,163,42.2,2021-03-05
140,Ford,Model B,2005,35770,15741,2.3,Diesel,Manual,3,White,147,34.6,2022-11-11
141,Toyota,Model D,2017,16466,121585,3.0,Diesel,Automatic,4,Grey,301,40.2,2020-12-08
142,Toyota,Model A,2011,25565,132564,4.4,Hybrid,Automatic,2,Black,436,27.9,2022-11-29
143,Volkswagen,Model A,2006,8617,78798,3.4,Gasoline,Manual,4,White,159,22.4,2023-04-11
144,Chevrolet,Model B,2010,16528,126026,3.8,Electric,Automatic,5,Blue,496,29.3,2023-04-17
145,BMW,Model A,2011,22473,120130,2.5,Gasoline,Automatic,5,Blue,356,22.9,2020-05-12
146,Ford,Model B,2018,29752,32164,4.0,Hybrid,Automatic,3,Black,164,43.6,2020-12-16
147,Volkswagen,Model D,2022,11418,176667,3.7,Gasoline,Automatic,3,White,338,21.9,2021-05-20
148,Chevrolet,Model D,2019,25502,40257,1.5,Hybrid,Manual,3,White,388,36.4,2020-03-24
149,Volkswagen,Model C,2006,19557,155283,3.3,Diesel,Automatic,2,Red,137,15.5,2022-09-19
150,Honda,Model D,2014,9349,105989,2.0,Electric,Automatic,3,Silver,124,37.5,2022-04-09
151,Chevrolet,Model B,2016,21271,146304,4.2,Diesel,Manual,2,Blue,158,46.5,2022-05-10
152,Chevrolet,Model D,2021,31964,62691,2.7,Gasoline,Manual,5,Red,456,34.3,2020-12-08
153,BMW,Model C,2012,12157,89768,5.0,Diesel,Automatic,4,Blue,482,32.4,2023-07-27
154,Chevrolet,Model A,2015,19230,166685,1.4,Electric,Automatic,5,Red,396,48.4,2022-05-15
155,Volkswagen,Model B,2007,13093,24026,4.1,Diesel,Manual,5,Silver,257,35.1,2023-07-10
156,Chevrolet,Model A,2010,16719,194607,3.7,Electric,Manual,5,Red,156,20.4,2023-04-04
157,BMW,Model C,2013,30025,40908,4.1,Electric,Manual,3,Blue,147,21.7,2020-10-19
158,BMW,Model C,2010,18099,193185,2.2,Diesel,Automatic,3,White,427,38.2,2023-06-03
159,Honda,Model C,2013,29810,29610,3.0,Hybrid,Automatic,3,Blue,155,39.4,2023-04-08
160,Volkswagen,Model A,2011,27763,187718,4.2,Gasoline,Manual,4,Grey,164,22.1,2021-08-20
161,Toyota,Model A,2013,17460,73185,1.9,Hybrid,Automatic,3,Black,367,23.8,2021-10-06
162,Toyota,Model A,2022,16481,82567,1.9,Hybrid,Manual,2,Black,168,49.6,2021-03-23
163,Chevrolet,Model A,2016,13728,188646,3.2,Diesel,Automatic,5,Grey,315,14.1,2021-11-20
164,Honda,Model C,2012,13483,46182,3.1,Gasoline,Manual,4,Black,489,26.2,2022-09-28
165,Ford,Model C,2012,22472,126136,2.1,Gasoline,Manual,4,Black,188,12.5,2022-05-04
166,Chevrolet,Model B,2022,19861,141642,2.2,Hybrid,Automatic,4,Silver,380,42.8,2021-05-16
167,Honda,Model B,2019,15634,29288,2.1,Diesel,Automatic,4,White,356,13.7,2022-02-02
168,Volkswagen,Model A,2011,9158,88824,4.1,Gasoline,Automatic,4,White,259,37.0,2022-01-04
169,Volkswagen,Model D,2015,20743,170949,3.6,Hybrid,Automatic,2,Blue,333,12.3,2023-11-03
170,Volkswagen,Model D,2020,16713,94425,4.3,Gasoline,Automatic,5,Grey,230,36.9,2023-05-09
171,Volkswagen,Model C,2008,18632,10917,4.9,Diesel,Automatic,4,Red,148,43.7,2020-09-06
172,Volkswagen,Model C,2010,22132,85602,2.9,Diesel,Manual,5,Blue,246,26.0,2023-12-03
173,Honda,Model C,2007,3000,74575,1.3,Diesel,Automatic,3,Blue,415,30.9,2021-08-23
174,Honda,Model B,2013,9267,82518,1.2,Gasoline,Manual,4,Blue,101,26.1,2020-05-04
175,BMW,Model B,2014,36075,49104,2.2,Electric,Manual,4,Blue,428,22.0,2020-04-22
176,Toyota,Model C,2018,16453,159134,4.7,Gasoline,Automatic,5,White,244,42.1,2022-09-07
177,Volkswagen,Model C,2015,3000,26999,3.1,Electric,Manual,4,Red,465,20.9,2023-03-06
178,Ford,Model C,2022,9850,151013,2.1,Diesel,Manual,4,Blue,160,38.9,2020-05-29
179,Honda,Model D,2016,37391,71169,2.6,Hybrid,Automatic,4,White,372,18.2,2022-05-24
180,Ford,Model B,2016,15079,164542,3.4,Electric,Automatic,2,Blue,148,20.0,2020-12-08
181,Ford,Model D,2017,28113,139744,3.6,Diesel,Automatic,2,Black,431,23.5,2021-08-02
182,Ford,Model D,2017,20847,120684,1.6,Diesel,Manual,4,Blue,230,33.6,2022-02-21
183,BMW,Model C,2018,16605,69821,4.9,Electric,Automatic,2,Grey,142,28.2,2020-11-16
184,Honda,Model C,2008,25428,185507,3.2,Hybrid,Automatic,3,Grey,156,39.8,2022-04-01
185,Ford,Model A,2017,3309,145601,1.5,Diesel,Automatic,4,Blue,149,18.5,2021-06-15
186,Volkswagen,Model A,2012,9912,22192,4.6,Electric,Automatic,3,Silver,277,10.4,2023-08-05
187,Chevrolet,Model D,2016,16553,84102,1.3,Hybrid,Manual,5,Black,392,41.1,2021-05-06
188,Ford,Model B,2022,10599,124894,4.6,Hybrid,Automatic,3,Red,145,42.9,2021-09-03
189,BMW,Model C,2010,15934,96795,5.0,Diesel,Manual,5,Blue,269,12.4,2020-09-08
190,Honda,Model C,2022,25975,175159,3.8,Gasoline,Automatic,4,Red,370,34.4,2023-01-05
191,BMW,Model D,2009,20924,76677,4.1,Gasoline,Manual,5,Black,435,25.1,2023-11-16
192,Ford,Model A,2013,29314,145699,2.3,Diesel,Manual,5,Blue,238,41.8,2023-12-06
193,Honda,Model B,2007,21367,197613,4.8,Hybrid,Manual,3,Silver,346,45.0,2020-06-21
194,Chevrolet,Model A,2014,26947,144327,3.1,Diesel,Automatic,3,White,247,44.0,2022-05-24
195,Ford,Model A,2007,19551,198505,3.9,Electric,Manual,3,Silver,329,41.1,2020-07-19
196,BMW,Model A,2019,15868,146285,4.7,Gasoline,Automatic,4,Silver,379,20.8,2020-08-04
197,Toyota,Model A,2005,30363,112412,4.9,Electric,Automatic,4,White,224,42.5,2021-01-10
198,Volkswagen,Model C,2011,15034,29404,4.3,Diesel,Automatic,3,White,291,31.3,2020-01-11
199,BMW,Model C,2016,22406,126545,2.2,Diesel,Automatic,4,Grey,473,12.1,2022-11-01
200,Honda,Model A,2021,25382,166452,4.9,Hybrid,Automatic,4,White,179,28.3,2022-06-10
201,Ford,Model B,2009,25890,160245,3.5,Hybrid,Manual,5,Blue,193,47.7,2021-03-10
202,Volkswagen,Model D,2008,11841,194099,4.7,Hybrid,Automatic,5,Red,325,45.5,2022-03-28
203,Ford,Model B,2016,27363,33989,3.7,Electric,Manual,3,Grey,164,14.1,2023-10-28
204,Honda,Model B,2022,13147,118106,2.2,Hybrid,Manual,4,Grey,187,39.8,2023-07-20
205,Ford,Model B,2021,25674,34519,2.5,Diesel,Manual,5,Red,187,42.2,2022-07-19
206,Toyota,Model A,2013,23746,32439,3.2,Hybrid,Manual,2,Grey,300,20.9,2021-11-21
207,Volkswagen,Model C,2008,25730,128570,4.2,Gasoline,Manual,4,White,313,28.9,2023-03-01
208,Volkswagen,Model B,2006,11564,24995,2.3,Hybrid,Manual,2,Silver,303,38.4,2022-05-04
209,Honda,Model A,2008,24115,33559,3.3,Electric,Manual,3,Black,481,27.6,2022-02-22
210,Toyota,Model B,2006,27599,99049,2.4,Gasoline,Automatic,4,White,188,14.5,2020-11-14
211,BMW,Model B,2019,21353,146093,4.3,Gasoline,Manual,3,Silver,160,38.2,2022-04-23
212,Ford,Model A,2006,14269,108000,2.9,Gasoline,Automatic,3,Silver,370,46.5,2021-09-12
213,Chevrolet,Model C,2008,26438,162191,1.3,Electric,Manual,3,Grey,193,36.1,2022-02-23
214,Ford,Model C,2010,20797,192611,1.7,Diesel,Manual,3,Blue,406,41.0,2023-04-06
215,Ford,Model D,2011,8278,49350,1.2,Hybrid,Manual,3,Blue,126,24.3,2021-01-31
216,BMW,Model A,2014,13726,187295,3.0,Gasoline,Manual,4,Grey,313,17.3,2023-04-18
217,Ford,Model D,2016,16315,35517,1.4,Gasoline,Automatic,2,Grey,173,35.7,2022-12-17
218,Toyota,Model D,2007,30540,163322,1.5,Gasoline,Automatic,4,Red,160,23.1,2021-04-04
219,Toyota,Model D,2017,29311,99132,4.8,Diesel,Automatic,4,Red,285,44.4,2020-03-01
220,Volkswagen,Model C,2022,29288,195271,4.5,Diesel,Manual,4,Black,130,14.9,2021-01-03
221,Honda,Model A,2012,21626,69546,2.8,Electric,Manual,5,Black,318,27.3,2023-02-18
222,Chevrolet,Model D,2019,26395,115686,4.9,Diesel,Manual,5,Black,111,25.9,2021-12-19
223,Ford,Model A,2005,12014,98151,1.0,Hybrid,Automatic,4,Black,401,47.5,2021-06-29
224,Ford,Model A,2007,20047,13327,3.5,Electric,Manual,2,Silver,131,16.1,2022-11-06
225,BMW,Model C,2012,23161,130318,3.5,Electric,Automatic,4,Silver,259,10.4,2021-05-10
226,Honda,Model D,2008,12475,170840,2.8,Hybrid,Automatic,3,Red,336,19.5,2021-05-11
227,Toyota,Model D,2020,21469,183860,2.6,Hybrid,Manual,5,Blue,326,42.8,2021-05-19
228,Chevrolet,Model A,2014,31806,125945,2.8,Hybrid,Manual,5,Grey,280,18.4,2022-08-26
229,Volkswagen,Model B,2016,23911,56830,2.7,Electric,Automatic,4,Blue,416,19.6,2023-08-31
230,Toyota,Model C,2018,26422,62446,3.9,Electric,Automatic,4,White,145,15.2,2022-12-28
231,Honda,Model C,2018,3000,156232,1.5,Electric,Automatic,2,Silver,440,38.6,2020-06-09
232,Volkswagen,Model C,2006,30905,197655,1.8,Hybrid,Manual,2,Black,179,12.8,2021-12-18
233,BMW,Model C,2009,18697,175070,1.7,Hybrid,Manual,3,Black,234,23.2,2023-03-14
234,BMW,Model D,2009,14619,168302,2.0,Gasoline,Manual,4,White,359,21.3,2022-09-19
235,Ford,Model D,2010,18777,150148,3.1,Diesel,Manual,4,Blue,407,32.2,2023-11-09
236,Honda,Model B,2017,9604,79341,1.4,Gasoline,Manual,4,Black,346,39.2,2020-09-25
237,Chevrolet,Model C,2013,27335,41085,4.5,Hybrid,Manual,5,Blue,258,31.3,2021-11-29
238,Volkswagen,Model C,2019,17652,65571,2.2,Electric,Automatic,3,Grey,302,47.2,2022-05-14
239,Toyota,Model A,2018,14829,155787,1.7,Hybrid,Automatic,2,White,211,48.1,2020-12-15
240,Honda,Model D,2011,18823,138308,3.7,Diesel,Automatic,5,Blue,391,24.5,2020-04-19
241,Honda,Model C,2006,27826,15750,1.2,Gasoline,Manual,5,Grey,409,41.1,2021-02-10
242,BMW,Model B,2011,20920,123931,3.5,Gasoline,Automatic,5,Blue,218,39.6,2021-10-11
243,Ford,Model B,2010,10132,88768,3.8,Electric,Manual,5,Blue,482,45.7,2020-02-20
244,Ford,Model D,2021,23254,45903,1.9,Gasoline,Manual,3,Black,116,27.9,2023-11-27
245,Volkswagen,Model B,2006,13497,173165,1.2,Gasoline,Automatic,4,Red,430,31.2,2023-01-15
246,BMW,Model B,2007,4907,101036,2.5,Hybrid,Manual,2,Silver,326,26.6,2022-12-27
247,Honda,Model D,2009,30472,97954,1.4,Gasoline,Automatic,2,Blue,460,44.0,2021-08-18
248,Chevrolet,Model C,2009,23200,175386,1.5,Gasoline,Automatic,5,Blue,216,19.2,2022-09-05
249,BMW,Model C,2005,19452,189297,2.0,Gasoline,Manual,5,Blue,142,19.6,2022-12-01
250,Volkswagen,Model B,2012,17580,93014,2.2,Electric,Automatic,3,Red,467,24.9,2021-12-31
251,Volkswagen,Model B,2016,29779,176251,3.1,Electric,Automatic,5,Grey,214,19.2,2020-02-26
252,BMW,Model C,2008,41610,127305,3.7,Hybrid,Automatic,2,White,382,32.4,2022-01-07
253,Volkswagen,Model D,2017,23141,166410,3.4,Gasoline,Automatic,2,Black,136,15.4,2020-07-14
254,BMW,Model B,2019,12792,42101,1.6,Electric,Manual,4,Red,401,22.8,2022-12-21
255,Toyota,Model A,2015,18918,12775,1.7,Electric,Automatic,4,Grey,212,46.5,2023-07-10
256,BMW,Model D,2014,23014,121497,4.5,Hybrid,Automatic,2,Blue,134,26.4,2020-04-21
257,BMW,Model B,2007,3553,55619,3.2,Diesel,Automatic,2,Grey,231,39.9,2022-02-03
258,Volkswagen,Model B,2018,22341,186910,4.5,Gasoline,Manual,3,Red,435,14.5,2021-12-11
259,Volkswagen,Model A,2020,23054,160611,2.5,Electric,Automatic,3,Red,435,19.9,2023-04-16
260,Ford,Model A,2014,29284,67124,3.5,Hybrid,Manual,2,Red,476,42.3,2022-08-05
261,Ford,Model C,2014,28554,75149,3.1,Hybrid,Automatic,5,White,327,40.5,2020-01-26
262,Toyota,Model D,2016,20778,36616,2.3,Hybrid,Automatic,4,Silver,246,25.4,2021-02-13
263,Ford,Model D,2013,30602,195639,2.9,Electric,Automatic,2,Black,221,48.2,2022-01-27
264,BMW,Model C,2005,34249,178171,3.0,Gasoline,Manual,5,White,180,46.4,2021-06-14
265,Volkswagen,Model D,2009,20195,71799,1.8,Diesel,Manual,2,White,272,48.5,2023-09-02
266,Ford,Model D,2012,22927,100221,2.3,Gasoline,Manual,4,Silver,253,27.1,2023-02-03
267,Ford,Model D,2015,7628,124879,4.2,Hybrid,Manual,4,White,249,17.9,2022-01-18
268,Toyota,Model D,2016,9843,35479,4.7,Hybrid,Manual,3,Red,474,35.1,2020-09-02
269,Honda,Model D,2005,14132,187244,2.4,Diesel,Manual,3,Red,157,37.4,2023-01-09
270,Toyota,Model A,2015,16894,109165,2.2,Gasoline,Automatic,3,Grey,162,15.0,2021-10-23
271,BMW,Model D,2009,12327,65863,1.8,Hybrid,Manual,3,Blue,255,41.5,2022-06-27
272,Volkswagen,Model A,2019,19748,183115,3.7,Hybrid,Automatic,4,White,455,10.7,2021-01-30
273,Toyota,Model D,2009,17104,92569,2.3,Gasoline,Manual,5,Blue,421,29.3,2021-06-05
274,Ford,Model C,2016,27496,156480,5.0,Hybrid,Manual,5,Black,267,23.2,2022-07-14
275,Volkswagen,Model B,2009,16676,199052,2.3,Gasoline,Manual,5,Red,265,39.6,2020-09-20
276,Volkswagen,Model A,2021,3992,26351,2.6,Hybrid,Automatic,2,Grey,184,22.5,2022-02-28
277,Ford,Model D,2021,20880,145203,3.4,Gasoline,Manual,3,Black,236,43.1,2023-07-21
278,Toyota,Model C,2016,19900,54825,4.2,Diesel,Manual,3,Grey,288,33.8,2020-06-20
279,Ford,Model B,2019,13965,21349,2.9,Hybrid,Automatic,4,Silver,499,41.8,2020-09-21
280,Honda,Model A,2019,20664,54254,2.7,Diesel,Automatic,4,Red,478,49.6,2022-11-15
281,Volkswagen,Model B,2010,12473,48225,5.0,Hybrid,Automatic,2,Black,101,37.2,2021-04-20
282,Chevrolet,Model C,2016,22308,22453,1.0,Hybrid,Automatic,2,Silver,205,49.4,2020-12-21
283,Chevrolet,Model A,2022,38430,159886,4.6,Electric,Manual,5,Black,463,11.2,2022-11-15
284,BMW,Model B,2018,7360,159335,1.6,Gasoline,Automatic,4,Grey,171,23.5,2020-02-03
285,Ford,Model D,2006,16386,87694,4.1,Diesel,Manual,3,Silver,225,14.3,2020-09-20
286,Ford,Model A,2013,15264,25735,3.5,Diesel,Manual,5,Silver,269,20.5,2023-03-07
287,BMW,Model B,2009,16967,156902,2.4,Diesel,Automatic,3,Red,304,43.6,2022-03-26
288,BMW,Model C,2005,27139,57893,4.5,Gasoline,Manual,5,Blue,412,11.3,2022-05-24
289,BMW,Model C,2007,23799,185745,1.1,Electric,Automatic,3,Grey,436,30.8,2022-01-23
290,Volkswagen,Model A,2010,25941,137006,1.9,Diesel,Manual,2,Grey,294,32.7,2021-07-19
291,Honda,Model B,2009,20213,55066,3.3,Gasoline,Automatic,5,Silver,257,32.4,2021-04-06
292,Ford,Model A,2009,10745,144445,2.4,Hybrid,Automatic,3,Silver,240,29.0,2023-04-06
293,Volkswagen,Model A,2005,12197,151407,3.4,Diesel,Automatic,3,Red,374,41.6,2021-10-16
294,BMW,Model B,2021,25223,164813,1.1,Diesel,Automatic,4,Blue,106,15.3,2020-03-21
295,Ford,Model B,2018,21195,20692,1.5,Electric,Automatic,5,Grey,492,22.4,2022-01-26
296,Volkswagen,Model D,2016,28821,188367,1.5,Diesel,Automatic,3,White,153,34.6,2022-05-19
297,Honda,Model B,2014,22052,55541,1.8,Diesel,Manual,4,White,203,37.6,2023-12-01
298,Volkswagen,Model C,2022,11718,175129,2.8,Hybrid,Manual,3,Blue,441,26.2,2022-12-05
299,Honda,Model A,2015,16346,76983,4.0,Gasoline,Manual,5,Black,437,45.0,2021-08-21
300,BMW,Model A,2006,23953,160655,4.6,Gasoline,Automatic,2,Red,160,26.6,2022-03-17
301,Honda,Model C,2022,24972,163837,4.3,Electric,Manual,5,Blue,186,26.1,2022-12-12
302,Ford,Model B,2011,25985,164978,1.8,Hybrid,Automatic,5,White,357,11.4,2022-09-10
303,BMW,Model C,2019,12660,130747,2.8,Gasoline,Manual,3,Silver,277,32.0,2021-12-04
304,Ford,Model C,2015,11592,95103,1.8,Hybrid,Manual,3,White,341,38.3,2021-04-20
305,Chevrolet,Model D,2022,18671,187597,2.1,Gasoline,Automatic,5,Silver,302,14.6,2021-08-14
306,Toyota,Model C,2016,30080,179302,3.0,Hybrid,Manual,4,Red,130,22.2,2020-01-16
307,Honda,Model A,2010,15142,160592,1.3,Electric,Manual,4,Silver,388,41.3,2023-10-15
308,Toyota,Model C,2017,23184,193006,1.9,Diesel,Manual,4,Blue,179,24.6,2021-05-01
309,Toyota,Model A,2020,23185,35566,4.7,Electric,Automatic,3,Silver,110,19.7,2021-12-06
310,Honda,Model A,2022,25325,83193,2.9,Gasoline,Manual,3,Black,353,36.9,2023-03-10
311,BMW,Model A,2014,31651,171206,2.8,Electric,Automatic,5,Blue,483,17.9,2021-09-11
312,Chevrolet,Model B,2012,30933,151417,1.1,Diesel,Manual,2,Red,490,45.8,2022-10-15
313,Ford,Model D,2022,15837,131015,2.0,Electric,Manual,3,Blue,483,14.2,2022-02-15
314,Volkswagen,Model A,2005,5314,182257,4.5,Gasoline,Manual,5,Black,386,38.3,2021-03-22
315,Ford,Model A,2012,15250,140956,1.7,Gasoline,Manual,5,Red,275,30.0,2020-10-16
316,Volkswagen,Model B,2010,20529,80744,2.7,Electric,Automatic,2,White,225,44.8,2020-07-27
317,Ford,Model A,2009,17468,43455,1.1,Diesel,Manual,4,Black,146,15.0,2021-02-16
318,Honda,Model C,2019,33775,169090,2.9,Electric,Automatic,5,Red,305,37.1,2021-11-07
319,Chevrolet,Model C,2019,20131,64219,1.1,Diesel,Automatic,5,Silver,206,32.9,2023-12-21
320,Volkswagen,Model D,2006,24575,55991,4.3,Hybrid,Manual,5,Blue,374,29.2,2023-10-26
321,BMW,Model A,2005,21520,83616,4.3,Diesel,Manual,4,Red,436,29.7,2021-10-25
322,Ford,Model B,2015,17573,97438,4.2,Hybrid,Automatic,4,Blue,222,38.9,2020-10-16
323,Ford,Model C,2014,6526,126841,2.1,Electric,Automatic,2,Silver,233,47.5,2023-12-26
324,Volkswagen,Model B,2022,19449,150558,4.3,Diesel,Manual,3,Red,206,13.7,2023-07-15
325,BMW,Model B,2022,42782,179934,3.2,Hybrid,Manual,4,White,404,10.8,2020-05-30
326,BMW,Model C,2021,11288,68870,2.5,Hybrid,Manual,3,Black,428,42.2,2023-07-02
327,Honda,Model B,2012,7295,96694,3.5,Hybrid,Manual,3,Red,149,14.3,2023-10-08
328,Honda,Model C,2019,33554,53856,1.0,Gasoline,Manual,4,Silver,436,49.5,2023-11-01
329,Honda,Model B,2012,25194,111407,1.6,Electric,Automatic,5,Red,194,34.8,2022-05-04
330,Honda,Model C,2021,21311,41379,4.0,Hybrid,Manual,2,Blue,367,36.0,2023-10-13
331,Honda,Model A,2016,29538,74729,2.0,Diesel,Manual,3,Grey,122,18.0,2021-08-30
332,Honda,Model D,2012,14179,169450,3.4,Hybrid,Automatic,5,Red,153,19.6,2021-01-04
333,Chevrolet,Model C,2018,19253,64353,2.5,Gasoline,Manual,4,White,473,36.4,2023-06-04
334,BMW,Model C,2008,26686,191068,4.4,Electric,Manual,3,Red,353,46.4,2021-12-05
335,Honda,Model D,2005,34772,24031,4.8,Gasoline,Automatic,3,Black,334,49.3,2023-08-19
336,BMW,Model C,2005,11820,75982,4.5,Gasoline,Manual,3,Red,158,17.9,2022-04-05
337,BMW,Model C,2020,28965,46683,2.1,Gasoline,Automatic,5,Grey,263,15.4,2022-10-01
338,Toyota,Model B,2018,22672,124091,1.8,Diesel,Manual,5,Blue,358,12.3,2023-11-13
339,Chevrolet,Model D,2020,21141,127797,2.9,Electric,Manual,5,Red,413,44.7,2021-01-11
340,Honda,Model A,2009,19945,158690,1.0,Electric,Manual,3,White,315,21.8,2022-08-30
341,Ford,Model C,2013,10307,16587,1.1,Diesel,Automatic,3,Silver,282,10.1,2020-04-27
342,Volkswagen,Model D,2006,26741,72790,3.2,Electric,Automatic,2,Red,156,19.0,2022-10-25
343,Ford,Model B,2022,14524,41480,3.1,Gasoline,Automatic,2,Red,244,23.6,2021-03-19
344,Chevrolet,Model A,2010,12442,161599,5.0,Electric,Automatic,5,Black,189,49.6,2023-10-07
345,Volkswagen,Model D,2013,26198,33569,1.8,Diesel,Manual,5,White,410,30.9,2022-01-24
346,Chevrolet,Model A,2005,25523,21151,2.0,Gasoline,Automatic,4,Grey,144,18.2,2021-10-01
347,BMW,Model A,2013,20553,54739,1.5,Diesel,Automatic,5,Silver,356,23.4,2020-05-03
348,Volkswagen,Model A,2020,27556,42954,4.7,Hybrid,Automatic,2,Blue,120,23.2,2021-10-19
349,BMW,Model C,2017,29981,119373,4.1,Gasoline,Manual,2,Red,120,10.8,2023-07-24
350,Ford,Model C,2013,29157,176375,4.3,Gasoline,Manual,2,Grey,151,15.4,2022-04-01
351,Ford,Model B,2017,16302,44700,4.6,Electric,Automatic,3,Silver,437,37.8,2023-11-18
352,Volkswagen,Model B,2013,27098,133728,3.1,Gasoline,Automatic,3,Blue,270,14.8,2021-10-25
353,Volkswagen,Model D,2015,21481,76788,2.8,Diesel,Manual,5,Grey,166,19.2,2020-12-25
354,Honda,Model B,2008,32081,81045,2.3,Electric,Automatic,4,White,212,24.0,2021-09-14
355,Chevrolet,Model A,2006,19133,178914,3.4,Hybrid,Automatic,4,White,399,40.3,2022-12-16
356,Honda,Model A,2010,17504,154972,2.8,Diesel,Automatic,4,Silver,259,33.3,2023-06-28
357,Chevrolet,Model C,2018,15703,137992,2.8,Hybrid,Automatic,3,Blue,365,37.6,2022-07-07
358,Honda,Model A,2008,21325,90059,4.7,Hybrid,Manual,2,White,419,32.7,2023-03-19
359,BMW,Model D,2010,23267,11881,4.9,Hybrid,Manual,2,Silver,331,37.3,2021-03-27
360,Volkswagen,Model A,2010,23401,174109,4.2,Gasoline,Manual,3,White,424,10.1,2023-03-31
361,Ford,Model A,2006,22444,142702,4.0,Diesel,Automatic,4,White,167,47.2,2020-04-29
362,Chevrolet,Model D,2022,24697,30789,3.7,Diesel,Automatic,4,Grey,127,14.4,2021-08-04
363,Chevrolet,Model B,2017,18442,136083,1.7,Gasoline,Manual,5,Grey,215,26.2,2023-10-06
364,Ford,Model B,2013,13892,98059,1.2,Electric,Manual,5,White,150,40.8,2020-04-08
365,Honda,Model D,2017,13281,56151,3.8,Hybrid,Manual,4,Black,280,27.4,2023-04-05
366,Chevrolet,Model C,2015,26825,189992,3.9,Diesel,Automatic,3,Grey,359,47.9,2021-05-28
367,BMW,Model A,2005,23292,119388,1.2,Gasoline,Manual,4,Blue,178,28.7,2021-10-25
368,Volkswagen,Model D,2011,7009,13262,4.7,Hybrid,Automatic,5,Silver,372,45.0,2021-02-04
369,Ford,Model A,2019,27677,76981,1.4,Electric,Automatic,4,Silver,207,42.4,2020-12-30
370,Volkswagen,Model C,2005,33163,130951,2.1,Electric,Manual,3,Blue,173,49.2,2023-09-11
371,Chevrolet,Model A,2016,14988,133099,3.7,Hybrid,Manual,2,Blue,274,47.1,2021-08-03
372,Chevrolet,Model D,2011,22353,91972,1.7,Electric,Automatic,3,Blue,283,45.9,2021-09-12
373,Ford,Model A,2019,16685,85485,1.2,Diesel,Manual,3,Blue,122,39.3,2022-04-07
374,BMW,Model B,2005,24398,64722,2.3,Diesel,Manual,5,Red,373,24.7,2020-09-03
375,Toyota,Model C,2021,11837,99499,4.1,Diesel,Automatic,3,Silver,228,14.2,2021-03-09
376,Ford,Model C,2021,19499,191890,2.7,Electric,Automatic,3,Red,390,37.5,2023-01-21
377,Toyota,Model C,2007,26869,171004,3.6,Diesel,Automatic,5,White,419,49.1,2023-07-15
378,Honda,Model D,2016,28649,16901,3.3,Gasoline,Automatic,5,White,285,39.1,2021-09-06
379,Toyota,Model C,2010,22985,127473,1.1,Diesel,Automatic,2,Silver,158,47.1,2022-07-31
380,BMW,Model B,2015,17626,18597,5.0,Diesel,Manual,4,White,100,42.2,2022-08-20
381,Honda,Model D,2007,8851,139631,1.2,Electric,Automatic,3,Blue,230,16.5,2021-09-15
382,Toyota,Model B,2012,14697,73909,4.9,Diesel,Automatic,5,Red,166,20.0,2020-11-16
383,Honda,Model A,2018,16715,82391,3.2,Hybrid,Automatic,2,Blue,392,23.7,2022-05-05
384,Toyota,Model A,2018,15115,149335,4.9,Gasoline,Manual,4,White,384,16.7,2020-03-02
385,BMW,Model A,2014,20416,73293,1.5,Electric,Automatic,5,Grey,188,33.3,2020-10-26
386,Toyota,Model A,2006,17606,166877,3.0,Gasoline,Automatic,4,Red,199,49.0,2021-02-06
387,Toyota,Model B,2018,21204,21874,1.7,Hybrid,Automatic,4,Blue,288,40.5,2022-08-12
388,Toyota,Model D,2013,28418,96402,1.2,Electric,Manual,3,Silver,477,26.9,2023-08-19
389,Ford,Model D,2007,17154,24079,3.5,Electric,Automatic,3,Blue,445,10.2,2020-09-09
390,Ford,Model C,2012,10319,190922,1.8,Diesel,Automatic,5,Grey,487,22.5,2021-04-22
391,Ford,Model B,2020,15088,82779,3.4,Gasoline,Automatic,4,White,340,31.1,2023-10-24
392,BMW,Model A,2006,24085,105408,1.4,Hybrid,Manual,5,Red,369,23.0,2020-06-08
393,Honda,Model B,2010,24745,150090,2.3,Hybrid,Manual,5,Silver,318,14.4,2022-08-18
394,Chevrolet,Model C,2016,22842,130606,4.1,Electric,Manual,4,Red,275,27.7,2023-04-04
395,Toyota,Model C,2009,29105,190572,2.7,Diesel,Manual,5,Silver,486,20.1,2020-07-23
396,Toyota,Model B,2006,18695,130062,3.5,Electric,Automatic,4,Red,440,46.4,2023-07-14
397,BMW,Model B,2020,34365,22100,3.6,Electric,Automatic,4,White,332,14.1,2023-03-07
398,Toyota,Model B,2009,25727,67021,4.4,Electric,Manual,4,Silver,250,12.0,2023-10-23
399,Ford,Model D,2019,3000,160872,2.3,Electric,Manual,4,Black,376,10.2,2022-05-07
400,Chevrolet,Model A,2016,32604,138126,3.7,Hybrid,Automatic,2,Red,328,23.1,2022-01-29
401,Volkswagen,Model B,2008,14631,102446,4.8,Hybrid,Automatic,4,Red,270,36.4,2021-12-21
402,Toyota,Model B,2019,12761,39437,3.9,Electric,Manual,3,Blue,322,39.2,2022-11-06
403,Ford,Model B,2015,23666,187747,3.0,Electric,Manual,3,Silver,312,28.1,2020-03-08
404,Volkswagen,Model C,2020,7832,161014,3.5,Diesel,Manual,3,Grey,381,37.4,2020-05-12
405,Chevrolet,Model C,2010,15131,30862,4.0,Electric,Manual,4,Black,140,24.4,2022-07-07
406,Volkswagen,Model D,2018,30899,21669,3.4,Hybrid,Automatic,3,White,221,36.7,2021-03-05
407,Ford,Model A,2022,23893,131219,1.1,Gasoline,Manual,2,Blue,326,11.6,2020-11-03
408,Honda,Model D,2016,25685,194844,1.8,Hybrid,Manual,5,Black,393,25.6,2021-10-11
409,Honda,Model A,2015,15401,25916,4.2,Diesel,Automatic,4,Silver,187,41.6,2023-04-12
410,Volkswagen,Model C,2017,9231,20878,2.1,Hybrid,Automatic,3,Black,366,42.1,2021-02-15
411,BMW,Model C,2015,24947,12985,3.9,Gasoline,Automatic,2,Red,128,38.6,2020-04-06
412,Volkswagen,Model C,2020,26511,51235,2.5,Electric,Automatic,5,Red,346,18.2,2023-03-23
413,Toyota,Model D,2019,26194,28931,3.1,Gasoline,Automatic,2,Blue,415,19.9,2023-06-19
414,Toyota,Model B,2019,21463,102876,1.3,Electric,Manual,3,Silver,343,49.8,2023-08-20
415,Honda,Model B,2008,13230,10336,1.7,Electric,Manual,2,Silver,160,14.1,2023-08-01
416,BMW,Model C,2015,37064,52933,4.8,Hybrid,Manual,5,Black,246,17.2,2022-11-16
417,Ford,Model B,2019,23358,55536,4.6,Hybrid,Automatic,3,Blue,273,15.2,2023-11-26
418,Toyota,Model B,2008,18782,79504,3.6,Hybrid,Manual,5,Silver,377,23.1,2023-10-15
419,Honda,Model D,2017,18813,109214,2.8,Diesel,Automatic,2,Grey,433,18.4,2022-12-19
420,Chevrolet,Model A,2006,21047,192220,3.7,Hybrid,Manual,4,Grey,468,29.9,2020-07-20
421,Honda,Model C,2018,27487,123936,3.5,Diesel,Manual,4,Red,478,29.0,2022-01-31
422,Toyota,Model C,2008,21327,26279,3.3,Hybrid,Automatic,4,Black,241,46.1,2022-05-23
423,Toyota,Model D,2020,26009,113751,1.2,Electric,Automatic,4,White,143,11.4,2021-08-03
424,Honda,Model D,2018,21059,114433,3.5,Diesel,Manual,5,Red,243,22.8,2021-01-04
425,Ford,Model B,2019,19213,81386,4.1,Gasoline,Manual,4,Blue,452,33.9,2021-06-16
426,Volkswagen,Model C,2007,24488,96124,5.0,Diesel,Manual,5,Silver,432,34.2,2023-03-21
427,Toyota,Model A,2012,24223,115750,1.0,Diesel,Manual,3,Red,495,29.2,2023-01-30
428,Honda,Model D,2020,18812,87485,3.9,Gasoline,Manual,4,White,154,42.6,2022-06-17
429,Honda,Model A,2014,14755,84055,3.3,Diesel,Automatic,5,White,406,12.5,2021-08-29
430,BMW,Model A,2008,22392,101911,2.7,Electric,Automatic,4,Grey,457,42.6,2022-05-22
431,Volkswagen,Model C,2022,20548,108618,1.5,Hybrid,Automatic,4,Blue,260,29.8,2023-06-06
432,Chevrolet,Model C,2006,16115,195100,2.6,Gasoline,Automatic,4,Red,384,15.4,2023-02-22
433,Ford,Model D,2021,14103,123892,2.4,Hybrid,Manual,5,Black,424,45.4,2022-02-08
434,Chevrolet,Model C,2017,22873,81128,2.2,Electric,Manual,2,Red,297,36.0,2022-04-13
435,Volkswagen,Model C,2008,23850,159180,3.9,Gasoline,Automatic,4,Grey,258,16.5,2022-09-25
436,Volkswagen,Model C,2015,17479,62495,3.8,Hybrid,Manual,4,White,179,11.3,2022-07-26
437,Volkswagen,Model A,2011,15940,92806,3.4,Hybrid,Automatic,3,Blue,130,15.6,2020-08-23
438,Chevrolet,Model D,2016,14188,103185,4.8,Electric,Manual,2,Blue,211,34.4,2020-06-10
439,Volkswagen,Model B,2014,22675,197902,2.4,Hybrid,Manual,5,Black,145,17.2,2021-07-07
440,Honda,Model A,2011,14372,193581,2.0,Electric,Manual,3,Blue,452,19.0,2022-02-26
441,Chevrolet,Model C,2017,35687,180591,3.6,Diesel,Automatic,4,Grey,304,11.0,2023-10-08
442,Volkswagen,Model A,2011,17128,59649,1.8,Electric,Automatic,3,Grey,151,38.9,2022-12-27
443,Honda,Model C,2021,3023,175596,2.3,Diesel,Automatic,3,Grey,237,42.4,2023-04-11
444,BMW,Model C,2014,19788,174957,1.9,Gasoline,Automatic,4,Blue,173,41.9,2021-07-12
445,Volkswagen,Model A,2014,19488,185441,1.3,Hybrid,Manual,2,Blue,140,15.1,2020-09-17
446,Chevrolet,Model D,2008,27782,105402,4.3,Electric,Manual,2,Grey,176,46.1,2020-08-04
447,Toyota,Model C,2008,22016,40676,2.0,Electric,Manual,3,Blue,486,36.9,2023-02-21
448,Volkswagen,Model D,2011,14163,74093,2.9,Hybrid,Manual,4,Blue,286,45.9,2022-03-15
449,Toyota,Model B,2005,17995,188836,1.2,Hybrid,Automatic,5,White,469,27.9,2023-03-31
450,Honda,Model C,2016,22291,191871,3.8,Gasoline,Manual,3,Red,151,27.5,2020-07-19
451,BMW,Model D,2017,4847,89414,2.3,Gasoline,Manual,5,Silver,186,41.4,2021-02-05
452,Ford,Model D,2014,29370,103095,4.0,Electric,Manual,3,Blue,208,13.7,2020-10-01
453,BMW,Model B,2019,14181,82307,2.6,Gasoline,Automatic,3,Silver,496,30.8,2020-07-24
454,Volkswagen,Model D,2017,29919,105432,1.8,Diesel,Automatic,4,Silver,324,43.5,2022-11-29
455,Toyota,Model D,2013,22747,41923,3.1,Gasoline,Automatic,4,White,347,43.2,2023-07-20
456,Toyota,Model B,2013,24407,127449,1.5,Gasoline,Manual,5,Blue,168,48.2,2022-05-16
457,Chevrolet,Model C,2019,28045,57574,2.8,Electric,Automatic,5,Grey,219,37.9,2020-04-02
458,Toyota,Model D,2014,24011,184463,2.3,Diesel,Manual,2,Silver,166,18.3,2022-12-01
459,Chevrolet,Model D,2014,24710,131757,4.6,Gasoline,Manual,4,Blue,160,10.8,2021-01-13
460,Honda,Model D,2012,18849,63664,1.2,Diesel,Manual,3,Black,426,29.2,2023-02-04
461,Ford,Model A,2020,22605,77384,3.8,Diesel,Automatic,3,Grey,290,30.5,2023-09-13
462,Volkswagen,Model B,2021,15887,41027,1.7,Diesel,Automatic,2,Black,288,19.6,2020-03-05
463,Chevrolet,Model A,2009,17596,176536,2.3,Hybrid,Manual,4,Black,250,15.0,2020-12-30
464,Ford,Model B,2008,33752,44485,2.7,Hybrid,Manual,3,Silver,385,33.4,2022-03-31
465,Toyota,Model C,2022,14342,160528,4.6,Hybrid,Automatic,2,Black,195,40.6,2022-11-13
466,Toyota,Model C,2008,21080,45554,2.0,Hybrid,Automatic,2,White,411,49.7,2021-06-23
467,Ford,Model D,2011,20794,56922,1.4,Electric,Automatic,3,White,408,40.3,2022-12-21
468,Toyota,Model B,2014,17824,23409,2.3,Gasoline,Manual,3,Silver,362,41.7,2021-05-05
469,Honda,Model C,2022,23600,46639,1.4,Hybrid,Manual,5,Blue,196,34.7,2023-07-20
470,Honda,Model B,2008,24128,29692,1.5,Electric,Manual,4,Red,212,49.4,2020-08-16
471,Ford,Model C,2014,13519,99037,3.3,Gasoline,Automatic,5,Blue,224,35.6,2022-11-09
472,Chevrolet,Model A,2005,20709,195272,1.2,Hybrid,Automatic,2,Blue,231,44.4,2020-01-03
473,Chevrolet,Model C,2022,12423,198487,1.1,Gasoline,Automatic,3,Blue,220,47.8,2023-12-15
474,Ford,Model A,2009,25519,28074,3.9,Hybrid,Manual,5,Blue,296,47.2,2022-06-29
475,Chevrolet,Model C,2019,21235,156621,2.4,Electric,Manual,2,Grey,393,25.3,2020-11-02
476,Chevrolet,Model D,2021,20576,39963,1.5,Diesel,Automatic,4,Red,221,13.1,2021-03-07
477,Honda,Model A,2007,24613,62265,2.0,Diesel,Manual,3,Grey,381,16.9,2020-05-15
478,Chevrolet,Model C,2016,18071,26061,3.6,Gasoline,Automatic,5,Black,484,12.4,2021-05-29
479,BMW,Model D,2006,26398,199298,2.1,Electric,Manual,4,Blue,359,14.2,2020-07-11
480,Volkswagen,Model A,2005,13360,169882,3.0,Diesel,Automatic,5,White,138,17.4,2023-12-09
481,Toyota,Model D,2021,29883,123502,1.5,Hybrid,Manual,2,Silver,153,23.6,2022-05-22
482,BMW,Model B,2020,16143,32800,3.4,Diesel,Manual,4,Silver,260,31.7,2023-02-15
483,Chevrolet,Model B,2009,8126,126192,2.3,Gasoline,Automatic,5,Grey,388,38.5,2021-10-27
484,Honda,Model A,2019,17700,117228,3.5,Gasoline,Automatic,4,Grey,299,18.4,2020-07-27
485,Ford,Model C,2007,16906,198839,4.2,Electric,Automatic,2,White,375,36.9,2022-08-09
486,Chevrolet,Model A,2011,17647,38054,3.4,Gasoline,Automatic,4,Blue,115,38.2,2022-11-23
487,Honda,Model D,2015,21621,186469,2.2,Diesel,Automatic,5,Red,272,32.3,2021-10-10
488,Volkswagen,Model C,2014,27684,23233,2.0,Diesel,Manual,2,Black,347,46.1,2023-09-03
489,Chevrolet,Model B,2013,18658,166140,2.3,Diesel,Automatic,3,Silver,482,14.4,2020-04-29
490,Ford,Model C,2018,15158,75727,1.7,Diesel,Automatic,5,Black,317,17.1,2021-09-18
491,Honda,Model B,2017,12114,100610,1.7,Electric,Automatic,5,Red,186,27.1,2021-06-08
492,Honda,Model C,2006,16722,80453,4.2,Hybrid,Manual,2,Grey,181,15.1,2022-02-07
493,Honda,Model C,2007,6785,114135,2.5,Hybrid,Automatic,2,Silver,161,32.7,2023-01-17
494,Volkswagen,Model C,2011,14924,166904,2.7,Electric,Automatic,3,Black,386,25.9,2021-05-26
495,Chevrolet,Model D,2022,28708,118464,3.4,Gasoline,Automatic,5,Grey,141,21.4,2020-02-16
496,Volkswagen,Model D,2007,14236,23682,3.4,Hybrid,Manual,2,Red,111,16.8,2022-02-10
497,Toyota,Model A,2014,24401,164455,1.3,Gasoline,Manual,3,Black,420,23.4,2022-01-09
498,Toyota,Model A,2011,11414,68160,4.3,Hybrid,Automatic,3,Blue,333,34.3,2021-06-05
499,Chevrolet,Model B,2013,32397,33666,1.7,Gasoline,Manual,2,Grey,428,33.0,2023-07-31
500,Volkswagen,Model D,2021,32863,68817,3.9,Electric,Automatic,5,Red,230,16.5,2023-11-01
501,Ford,Model B,2015,24137,101198,4.1,Diesel,Manual,4,Black,214,15.0,2020-05-13
502,Honda,Model A,2011,33938,175714,3.9,Gasoline,Automatic,4,Blue,317,11.1,2020-09-04
503,Honda,Model B,2018,22490,51830,3.3,Diesel,Manual,3,Blue,236,10.5,2023-09-03
504,Chevrolet,Model A,2008,25379,20234,1.1,Gasoline,Automatic,4,Red,205,45.2,2021-03-11
505,Toyota,Model D,2010,28833,67616,2.4,Gasoline,Automatic,4,White,278,11.8,2023-04-14
506,Toyota,Model C,2014,21258,19221,3.4,Gasoline,Manual,2,Silver,115,39.2,2021-11-16
507,Honda,Model D,2011,9133,152482,2.5,Gasoline,Automatic,3,Red,341,44.9,2021-08-08
508,Chevrolet,Model B,2017,25522,11051,4.5,Gasoline,Automatic,5,Blue,433,13.9,2020-12-16
509,Volkswagen,Model B,2018,16696,120529,2.2,Diesel,Automatic,3,Blue,480,27.5,2020-05-22
510,Toyota,Model D,2008,17217,86918,2.2,Gasoline,Automatic,2,Red,486,48.5,2022-08-24
511,Volkswagen,Model D,2012,22085,88116,2.1,Diesel,Manual,4,White,325,43.4,2022-03-14
512,Toyota,Model A,2009,23963,132226,2.3,Electric,Automatic,5,Silver,341,29.6,2023-11-22
513,Toyota,Model B,2005,21050,197635,3.2,Hybrid,Manual,3,Black,240,40.5,2021-12-18
514,BMW,Model B,2008,24450,54757,3.8,Gasoline,Manual,4,Red,485,43.3,2021-10-04
515,Toyota,Model D,2007,15052,131008,3.7,Hybrid,Manual,3,Silver,298,23.9,2023-10-24
516,Ford,Model C,2013,19701,192329,4.2,Diesel,Manual,5,Silver,211,45.7,2021-05-15
517,Chevrolet,Model B,2012,25943,141379,4.5,Electric,Automatic,3,Grey,226,28.8,2021-01-04
518,Chevrolet,Model C,2005,32409,66889,4.3,Electric,Automatic,3,Blue,120,31.1,2023-11-06
519,Volkswagen,Model D,2010,34885,45944,1.1,Electric,Manual,3,Black,246,50.0,2023-01-14
520,Toyota,Model D,2013,23030,109555,3.9,Hybrid,Automatic,4,Red,188,43.7,2022-02-25
521,Ford,Model A,2011,25880,48134,1.8,Diesel,Manual,5,Blue,402,24.5,2022-01-08
522,Volkswagen,Model B,2008,33871,168395,1.5,Gasoline,Automatic,5,Grey,302,10.4,2022-08-07
523,BMW,Model C,2017,15304,35954,3.6,Gasoline,Automatic,4,Grey,184,35.0,2023-09-10
524,Volkswagen,Model A,2021,24407,196093,2.3,Diesel,Automatic,4,Blue,266,38.2,2021-06-05
525,Volkswagen,Model B,2006,25378,99959,1.2,Hybrid,Manual,4,White,483,36.0,2021-05-03
526,Toyota,Model A,2009,30135,14992,1.6,Gasoline,Manual,2,Silver,171,48.7,2021-01-31
527,BMW,Model D,2016,12040,11961,1.0,Diesel,Automatic,3,Red,397,44.5,2022-06-14
528,Volkswagen,Model B,2012,13424,22497,4.6,Gasoline,Manual,3,Red,108,28.0,2020-12-20
529,Ford,Model A,2010,20149,173623,1.1,Electric,Manual,5,Red,380,12.5,2022-08-04
530,Ford,Model A,2012,22644,196827,1.8,Gasoline,Automatic,3,Blue,357,29.0,2020-10-14
531,Chevrolet,Model C,2022,27860,23255,2.7,Hybrid,Manual,2,White,374,37.6,2022-09-24
532,BMW,Model A,2007,23622,145639,2.4,Diesel,Automatic,4,Black,337,34.3,2021-06-19
533,BMW,Model B,2016,18940,58847,4.6,Hybrid,Automatic,5,Grey,119,31.5,2023-08-07
534,Chevrolet,Model B,2007,22915,189075,1.2,Diesel,Automatic,5,Blue,332,28.8,2022-04-30
535,Volkswagen,Model C,2010,22107,30389,3.0,Electric,Manual,3,Black,320,21.8,2022-04-17
536,BMW,Model B,2006,32215,185595,3.7,Diesel,Automatic,5,Grey,425,21.1,2020-06-16
537,Ford,Model D,2016,21159,133802,4.7,Gasoline,Automatic,4,Grey,116,30.0,2022-08-07
538,Ford,Model B,2006,17318,71576,3.5,Gasoline,Manual,5,White,479,16.4,2021-09-12
539,Toyota,Model B,2010,23147,53919,4.2,Electric,Manual,4,Silver,188,23.6,2021-03-03
540,BMW,Model A,2021,21389,13358,1.3,Diesel,Manual,2,Red,295,23.0,2021-05-04
541,Volkswagen,Model A,2007,9003,98535,2.5,Electric,Manual,2,Black,449,33.5,2020-12-20
542,Chevrolet,Model B,2006,19890,115982,2.5,Gasoline,Automatic,4,Blue,183,12.7,2020-07-14
543,Chevrolet,Model C,2012,19294,15698,4.5,Hybrid,Manual,3,Black,486,43.2,2021-06-28
544,Volkswagen,Model A,2016,16192,76809,1.6,Electric,Manual,5,Silver,186,32.5,2021-12-17
545,Honda,Model C,2008,27249,103079,1.6,Hybrid,Manual,3,Red,406,36.8,2022-04-03
546,Toyota,Model B,2009,14500,65805,2.3,Hybrid,Manual,5,Black,437,38.1,2022-07-20
547,Chevrolet,Model B,2017,23189,172421,1.2,Diesel,Automatic,2,Silver,253,21.7,2022-09-29
548,BMW,Model D,2019,18965,191320,1.7,Electric,Manual,2,Blue,327,28.8,2021-10-20
549,Toyota,Model A,2020,20753,85033,4.9,Hybrid,Automatic,2,White,363,48.2,2022-07-27
550,BMW,Model B,2014,22882,108239,2.7,Hybrid,Manual,5,Grey,322,40.7,2022-02-18
551,Ford,Model D,2020,10846,140407,3.5,Diesel,Automatic,2,Blue,220,48.8,2020-01-11
552,Toyota,Model A,2016,21341,54041,3.9,Diesel,Automatic,2,Red,272,39.9,2023-07-03
553,Chevrolet,Model B,2021,36022,41954,2.5,Gasoline,Manual,2,Grey,103,17.0,2021-01-30
554,Toyota,Model B,2020,9102,18002,1.6,Hybrid,Automatic,2,Blue,441,12.6,2021-12-31
555,Toyota,Model A,2016,19596,79783,1.8,Gasoline,Manual,3,Blue,227,33.1,2021-02-12
556,Toyota,Model A,2012,27862,117524,2.3,Hybrid,Automatic,2,Blue,209,24.3,2020-12-27
557,Honda,Model A,2007,22111,134857,3.5,Gasoline,Automatic,2,Blue,454,21.0,2023-07-06
558,Toyota,Model B,2020,24815,29738,2.6,Diesel,Automatic,3,Grey,136,42.3,2022-10-23
559,BMW,Model B,2017,3370,20703,1.0,Electric,Manual,3,Red,170,24.7,2020-03-24
560,Ford,Model D,2012,24187,123776,3.1,Diesel,Automatic,5,Silver,388,22.7,2020-06-04
561,Volkswagen,Model C,2009,14668,190494,4.7,Gasoline,Manual,4,Black,130,44.0,2023-04-14
562,Toyota,Model A,2012,22169,153464,4.2,Gasoline,Automatic,2,White,480,43.9,2021-12-07
563,Chevrolet,Model B,2016,19793,54724,4.3,Electric,Automatic,2,Black,367,24.3,2021-04-16
564,Toyota,Model B,2005,35948,42299,4.2,Hybrid,Automatic,2,Black,110,43.3,2021-09-10
565,Chevrolet,Model A,2010,23826,25641,2.3,Gasoline,Automatic,5,White,443,44.0,2023-12-18
566,BMW,Model C,2022,19211,89534,4.1,Gasoline,Automatic,2,Grey,427,27.0,2020-05-13
567,Chevrolet,Model A,2012,9432,16305,1.6,Gasoline,Automatic,4,Red,131,12.7,2022-02-26
568,Volkswagen,Model C,2011,20848,28782,3.6,Electric,Manual,3,White,156,10.1,2022-06-25
569,Ford,Model B,2005,25762,88257,3.6,Diesel,Manual,5,Red,265,30.9,2022-05-13
570,Chevrolet,Model C,2020,19436,87963,1.1,Gasoline,Manual,3,Grey,287,23.8,2023-11-04
571,Chevrolet,Model D,2016,16460,131987,4.2,Electric,Automatic,2,Black,441,49.9,2021-10-28
572,Ford,Model B,2010,15991,161638,4.6,Gasoline,Manual,2,Red,118,40.9,2020-10-03
573,Volkswagen,Model D,2006,23745,134591,2.1,Hybrid,Automatic,2,Grey,215,40.5,2023-06-13
574,Toyota,Model A,2018,25315,77766,4.2,Electric,Manual,4,Grey,283,48.2,2022-05-31
575,Chevrolet,Model A,2008,29528,16511,1.3,Gasoline,Manual,4,Silver,369,45.5,2020-01-13
576,Ford,Model A,2005,13035,124816,3.4,Electric,Automatic,5,White,132,22.7,2020-12-07
577,BMW,Model C,2022,23681,167249,2.9,Gasoline,Automatic,3,Silver,109,16.6,2020-02-04
578,Ford,Model B,2017,19148,14765,3.2,Diesel,Manual,2,Black,179,39.8,2021-07-12
579,BMW,Model A,2006,19354,161426,4.7,Gasoline,Manual,2,White,291,25.1,2023-05-22
580,Volkswagen,Model A,2013,22812,33929,4.5,Electric,Manual,2,Black,419,28.9,2023-12-06
581,Toyota,Model B,2006,22853,169892,4.1,Hybrid,Manual,2,Silver,289,35.2,2021-02-08
582,Ford,Model A,2013,23701,121576,2.1,Hybrid,Automatic,4,Grey,167,46.3,2021-10-19
583,Honda,Model D,2005,12597,170595,4.6,Hybrid,Manual,3,Black,447,26.8,2020-06-07
584,Chevrolet,Model B,2015,14751,81088,1.4,Gasoline,Automatic,3,White,224,41.3,2022-08-13
585,Volkswagen,Model B,2007,30401,87525,4.4,Diesel,Automatic,5,White,435,20.7,2023-02-07
586,Ford,Model B,2008,18455,23780,2.3,Gasoline,Manual,4,Black,158,37.9,2021-07-02
587,Chevrolet,Model D,2022,22142,16589,1.2,Hybrid,Automatic,2,White,196,10.1,2022-09-11
588,Ford,Model B,2010,27382,175884,3.7,Electric,Manual,3,Grey,374,44.9,2023-10-02
589,BMW,Model D,2007,23244,103664,1.9,Hybrid,Automatic,3,Grey,248,11.2,2020-10-05
590,Ford,Model B,2015,23825,187011,2.0,Electric,Automatic,4,White,377,38.5,2021-04-23
591,Honda,Model C,2019,26262,192565,2.2,Diesel,Manual,5,Black,364,11.9,2020-04-20
592,Ford,Model A,2009,5183,114188,1.3,Electric,Automatic,5,Silver,108,20.6,2021-03-06
593,Ford,Model C,2014,16570,103326,1.7,Gasoline,Automatic,2,White,382,29.9,2021-06-25
594,Honda,Model A,2016,23280,50953,1.0,Gasoline,Manual,5,White,372,26.8,2023-02-12
595,Volkswagen,Model D,2019,29713,75785,2.8,Gasoline,Automatic,3,White,400,17.7,2023-01-18
596,Ford,Model C,2021,20462,29309,1.3,Electric,Automatic,5,White,107,23.4,2023-05-20
597,Honda,Model B,2014,14086,64195,3.7,Gasoline,Manual,2,Black,307,39.1,2020-12-25
598,Chevrolet,Model A,2010,14273,35901,1.9,Gasoline,Manual,3,Silver,224,36.8,2021-01-06
599,BMW,Model A,2022,26187,164648,4.8,Gasoline,Automatic,5,Silver,222,12.9,2023-05-23
600,BMW,Model C,2017,18475,172580,4.5,Diesel,Automatic,5,Red,132,39.9,2022-11-04
601,Ford,Model D,2007,19949,35464,2.2,Electric,Automatic,4,White,100,12.1,2022-08-12
602,Volkswagen,Model C,2014,24305,26260,4.1,Electric,Manual,2,White,303,31.7,2020-09-15
603,Volkswagen,Model D,2018,3000,134997,4.2,Hybrid,Automatic,5,Red,105,20.4,2022-02-16
604,Chevrolet,Model D,2010,34002,45440,4.9,Electric,Automatic,4,Silver,396,33.5,2020-04-29
605,Ford,Model A,2007,14882,105082,3.4,Diesel,Automatic,3,Blue,104,20.5,2022-09-02
606,BMW,Model C,2020,21693,115583,1.3,Electric,Automatic,4,Grey,179,49.4,2022-07-01
607,Volkswagen,Model C,2011,8067,66683,3.6,Diesel,Automatic,4,Blue,373,22.4,2023-02-25
608,Ford,Model D,2018,17042,134206,3.5,Diesel,Automatic,5,Silver,276,19.7,2021-12-23
609,Volkswagen,Model C,2013,28712,182502,3.6,Electric,Manual,5,White,437,21.1,2021-06-06
610,Honda,Model B,2019,6586,143059,2.2,Hybrid,Manual,5,Blue,420,45.9,2020-11-20
611,Volkswagen,Model B,2007,27883,166177,4.4,Gasoline,Automatic,4,Black,438,35.4,2023-09-05
612,BMW,Model C,2006,18084,88484,4.8,Gasoline,Automatic,3,Black,235,39.2,2022-12-09
613,Toyota,Model C,2006,23410,154098,1.9,Electric,Manual,2,Red,486,46.7,2020-03-09
614,Chevrolet,Model D,2007,24602,78309,1.4,Electric,Manual,4,Silver,124,46.5,2021-01-25
615,Chevrolet,Model B,2022,23089,55927,1.8,Diesel,Manual,5,Silver,424,39.6,2021-01-17
616,BMW,Model B,2018,13945,198607,4.3,Electric,Automatic,2,Blue,282,17.9,2020-01-16
617,Volkswagen,Model A,2022,17448,52946,3.7,Diesel,Automatic,3,White,267,43.7,2022-04-25
618,Ford,Model D,2014,9769,136503,3.5,Hybrid,Automatic,2,Silver,437,18.2,2022-05-18
619,Volkswagen,Model A,2006,23442,197633,2.6,Electric,Automatic,5,Blue,277,39.7,2021-07-21
620,BMW,Model B,2005,31914,151449,3.3,Gasoline,Manual,4,Blue,472,37.4,2020-05-11
621,Chevrolet,Model D,2008,7228,63592,2.2,Gasoline,Manual,4,Grey,194,40.4,2023-06-25
622,Volkswagen,Model C,2018,14668,148419,2.9,Electric,Manual,5,Grey,132,31.3,2020-09-29
623,Chevrolet,Model D,2005,18727,43776,4.2,Diesel,Manual,4,Silver,210,35.5,2023-10-04
624,Ford,Model C,2018,21213,144855,4.9,Gasoline,Automatic,5,Blue,245,48.1,2021-04-28
625,Chevrolet,Model C,2020,26154,65798,4.7,Diesel,Automatic,4,Red,480,14.0,2021-07-03
626,Chevrolet,Model D,2018,18934,145370,4.7,Electric,Manual,4,Red,330,22.4,2020-12-22
627,Toyota,Model C,2007,17788,80204,2.6,Electric,Manual,4,Grey,371,34.5,2023-09-03
628,Toyota,Model A,2007,27721,96207,2.9,Gasoline,Manual,3,Silver,435,48.6,2022-12-07
629,Honda,Model B,2013,24633,110356,3.8,Electric,Manual,3,White,137,13.8,2022-10-30
630,Toyota,Model C,2010,23772,196233,4.7,Hybrid,Manual,5,Red,234,10.9,2020-08-20
631,Chevrolet,Model A,2017,20787,70652,1.6,Hybrid,Automatic,3,Red,433,12.2,2020-02-05
632,BMW,Model C,2006,26882,175556,2.2,Gasoline,Automatic,5,Grey,334,12.1,2021-02-16
633,Chevrolet,Model B,2012,15405,139572,1.6,Hybrid,Manual,2,Grey,418,46.3,2022-10-24
634,BMW,Model A,2006,14451,30922,3.4,Diesel,Manual,2,Silver,467,38.9,2020-02-13
635,BMW,Model B,2008,25222,175100,2.2,Gasoline,Manual,3,Grey,444,37.1,2021-07-21
636,Toyota,Model B,2019,8624,161388,2.3,Gasoline,Automatic,2,Black,259,30.9,2023-07-02
637,Volkswagen,Model A,2008,20645,86996,1.3,Diesel,Automatic,2,Blue,137,41.3,2022-01-09
638,Ford,Model A,2017,17784,158040,2.4,Hybrid,Automatic,4,Red,249,16.2,2020-04-23
639,Toyota,Model A,2016,10159,40266,4.4,Hybrid,Manual,4,Black,499,25.7,2021-01-31
640,Toyota,Model D,2017,13481,165072,1.9,Hybrid,Automatic,5,White,407,29.6,2023-04-12
641,Volkswagen,Model A,2018,19237,155083,3.8,Gasoline,Manual,2,Black,128,14.4,2023-07-02
642,Ford,Model A,2022,27237,12866,3.5,Gasoline,Automatic,5,Silver,243,26.8,2021-04-10
643,Chevrolet,Model A,2010,15429,122669,4.5,Hybrid,Automatic,5,White,175,22.7,2023-07-24
644,Honda,Model A,2015,28493,15898,1.5,Electric,Automatic,2,White,244,11.4,2022-04-26
645,Honda,Model C,2006,20442,28395,4.9,Hybrid,Manual,3,Grey,328,15.5,2021-05-16
646,Chevrolet,Model D,2009,29172,180091,3.3,Diesel,Manual,2,Black,163,40.6,2021-03-16
647,Toyota,Model B,2006,15768,14006,5.0,Gasoline,Automatic,4,Silver,446,10.7,2020-03-09
648,Ford,Model A,2014,19658,175465,4.6,Diesel,Manual,2,Red,444,47.4,2020-11-21
649,Toyota,Model C,2006,22579,20956,1.9,Diesel,Manual,3,Grey,368,13.5,2020-03-07
650,BMW,Model C,2015,18743,191114,1.2,Gasoline,Manual,5,Black,427,42.0,2020-10-30
651,Toyota,Model C,2022,26671,147150,2.0,Electric,Manual,5,Red,283,45.9,2022-08-29
652,Toyota,Model B,2019,4547,170703,3.1,Hybrid,Manual,4,Black,360,47.6,2021-04-28
653,Chevrolet,Model A,2013,36956,105676,1.7,Diesel,Manual,4,Grey,367,44.7,2022-07-17
654,Chevrolet,Model D,2013,26004,131724,1.7,Gasoline,Manual,4,Red,268,21.5,2023-12-11
655,Chevrolet,Model D,2007,18785,72901,2.9,Diesel,Automatic,5,Grey,358,23.3,2023-03-28
656,Honda,Model C,2013,16133,117227,1.1,Hybrid,Manual,4,Black,326,27.1,2020-05-28
657,BMW,Model B,2018,13935,127192,1.5,Electric,Manual,2,White,132,15.6,2022-11-16
658,Chevrolet,Model B,2011,24519,182646,2.7,Electric,Automatic,5,Blue,476,10.9,2022-09-13
659,Ford,Model B,2020,26964,41417,1.3,Electric,Automatic,3,White,313,44.8,2021-08-06
660,Honda,Model D,2020,18862,98020,2.6,Gasoline,Automatic,5,Grey,149,32.2,2020-09-04
661,Volkswagen,Model C,2005,27748,93639,2.9,Gasoline,Automatic,2,Grey,492,34.3,2023-01-29
662,Ford,Model A,2008,13649,104881,2.8,Electric,Manual,2,Grey,309,47.1,2021-12-02
663,Ford,Model D,2008,12413,180526,4.5,Hybrid,Automatic,4,Red,128,36.6,2020-04-05
664,Chevrolet,Model C,2011,32693,142659,3.1,Hybrid,Automatic,5,Silver,138,37.6,2023-11-08
665,Volkswagen,Model C,2012,24137,131688,2.9,Gasoline,Manual,5,Grey,446,41.5,2020-10-08
666,Volkswagen,Model A,2021,29777,125584,2.6,Electric,Manual,5,White,199,14.7,2020-11-17
667,Honda,Model A,2009,14022,195782,4.3,Hybrid,Manual,3,Blue,272,24.4,2023-11-20
668,Volkswagen,Model A,2011,13535,96567,4.6,Hybrid,Automatic,4,Grey,116,48.7,2023-07-25
669,BMW,Model B,2008,17489,85886,4.4,Hybrid,Manual,2,Grey,155,46.9,2021-06-12
670,Chevrolet,Model A,2010,14231,159888,3.7,Gasoline,Automatic,2,Grey,325,45.4,2020-09-19
671,Volkswagen,Model C,2011,24937,39432,1.5,Electric,Manual,4,Red,145,28.1,2021-08-02
672,Honda,Model A,2022,14742,189689,2.1,Diesel,Manual,2,Grey,166,44.3,2023-08-09
673,BMW,Model C,2009,11798,82373,1.2,Electric,Automatic,2,White,296,11.9,2020-10-20
674,Toyota,Model D,2007,20994,175289,4.7,Electric,Manual,4,Black,241,15.9,2021-01-29
675,Toyota,Model B,2011,10970,30884,3.6,Gasoline,Manual,2,Silver,422,26.6,2021-05-27
676,BMW,Model D,2018,7403,15454,4.0,Hybrid,Manual,5,Grey,122,29.3,2022-07-09
677,Honda,Model D,2011,20932,84960,2.2,Hybrid,Manual,3,Red,193,20.5,2022-03-20
678,BMW,Model C,2009,7755,112421,4.4,Gasoline,Manual,4,White,341,24.3,2023-04-18
679,Chevrolet,Model D,2009,25426,53618,2.0,Gasoline,Automatic,3,Grey,336,16.5,2022-07-08
680,Chevrolet,Model C,2006,10232,57111,1.0,Gasoline,Automatic,2,Red,153,29.6,2021-11-23
681,Toyota,Model A,2010,4315,180685,2.5,Gasoline,Manual,2,Black,237,41.8,2020-08-22
682,Volkswagen,Model A,2019,17943,130592,3.3,Gasoline,Automatic,5,Blue,432,36.5,2022-08-09
683,Honda,Model C,2014,21012,69993,2.9,Diesel,Automatic,4,Grey,371,14.3,2023-09-22
684,Toyota,Model A,2011,23440,138652,4.4,Electric,Automatic,2,White,140,29.5,2022-10-28
685,Volkswagen,Model B,2009,21204,149920,1.4,Electric,Manual,4,Red,197,37.9,2021-06-22
686,Volkswagen,Model D,2005,12584,88672,3.2,Electric,Manual,4,Red,282,31.2,2022-03-30
687,Chevrolet,Model B,2017,24991,76125,3.1,Hybrid,Manual,4,Grey,227,25.7,2023-01-19
688,Ford,Model D,2022,26720,127509,2.1,Diesel,Automatic,4,Red,328,34.9,2020-09-28
689,Ford,Model A,2017,11559,71602,4.3,Electric,Automatic,4,Blue,416,48.7,2022-10-25
690,BMW,Model B,2022,18732,52222,4.0,Hybrid,Manual,3,Red,185,13.8,2023-05-27
691,Chevrolet,Model A,2009,18078,59223,3.9,Diesel,Manual,5,Silver,355,25.6,2023-02-15
692,Volkswagen,Model D,2017,21542,75333,4.5,Diesel,Automatic,4,Silver,308,26.3,2021-08-15
693,Honda,Model C,2008,18565,193804,3.9,Hybrid,Automatic,3,Red,314,33.1,2022-09-02
694,Ford,Model C,2021,19524,132650,1.9,Diesel,Manual,2,Grey,473,16.1,2020-04-24
695,Volkswagen,Model B,2007,24492,59420,3.8,Hybrid,Automatic,4,Silver,199,17.1,2020-09-19
696,Ford,Model A,2021,12203,85504,2.2,Electric,Automatic,2,White,148,21.4,2023-08-22
697,Ford,Model A,2015,25161,12462,2.0,Hybrid,Automatic,4,Silver,300,48.2,2023-12-16
698,Ford,Model B,2008,27987,19460,1.3,Diesel,Automatic,3,Red,357,39.4,2020-07-25
699,Honda,Model C,2006,31438,109319,4.0,Electric,Automatic,3,Grey,475,36.5,2020-10-29
700,Chevrolet,Model D,2020,4996,150347,3.8,Electric,Automatic,3,Black,277,42.7,2020-04-21
701,Honda,Model B,2022,18719,154341,1.9,Gasoline,Automatic,5,Grey,344,15.1,2023-12-11
702,Toyota,Model D,2012,6244,139593,4.0,Gasoline,Manual,2,Grey,222,44.4,2023-08-01
703,Volkswagen,Model C,2007,3000,132672,4.7,Diesel,Manual,5,Grey,441,33.8,2020-07-03
704,Chevrolet,Model A,2013,21008,82920,1.4,Hybrid,Automatic,4,White,270,23.4,2022-06-19
705,Chevrolet,Model C,2010,17205,32553,1.9,Hybrid,Automatic,2,Blue,432,42.6,2020-08-08
706,Chevrolet,Model B,2014,22098,165438,4.0,Diesel,Automatic,3,Red,235,42.1,2023-02-14
707,Chevrolet,Model A,2014,23402,54036,2.1,Electric,Manual,2,Blue,158,43.8,2022-12-29
708,Honda,Model B,2017,28735,158441,3.5,Diesel,Manual,3,Black,292,14.6,2022-06-16
709,Chevrolet,Model B,2021,20377,152867,1.3,Diesel,Automatic,5,Blue,367,48.8,2022-12-29
710,BMW,Model C,2013,40463,80021,2.8,Electric,Manual,5,Red,359,48.4,2021-09-13
711,Volkswagen,Model B,2021,22144,117205,4.0,Hybrid,Automatic,3,Red,472,24.3,2021-03-02
712,Chevrolet,Model C,2013,32897,171215,3.7,Diesel,Automatic,3,Black,194,12.6,2021-10-05
713,Volkswagen,Model A,2013,3670,170497,4.3,Hybrid,Automatic,4,Red,224,16.7,2021-07-21
714,BMW,Model C,2005,29448,98209,4.5,Diesel,Automatic,5,Black,140,49.7,2021-03-18
715,BMW,Model A,2006,18734,85139,4.1,Electric,Automatic,5,Black,478,32.5,2021-08-23
716,Volkswagen,Model C,2020,6361,15368,3.7,Electric,Automatic,4,Red,353,24.3,2023-03-06
717,Ford,Model D,2005,22943,145693,1.1,Gasoline,Automatic,5,Silver,106,21.5,2021-05-18
718,Toyota,Model D,2014,17879,68829,3.1,Electric,Manual,3,Black,315,20.3,2020-05-10
719,Ford,Model B,2022,24060,139036,1.2,Gasoline,Automatic,2,Red,168,36.6,2020-08-05
720,Ford,Model C,2012,27077,24719,4.2,Diesel,Manual,2,Silver,168,26.8,2021-11-18
721,Honda,Model C,2015,9575,39227,2.3,Hybrid,Automatic,5,Black,180,48.6,2020-06-19
722,Ford,Model A,2006,27104,119430,3.2,Electric,Automatic,4,Silver,129,37.4,2021-09-03
723,Chevrolet,Model B,2012,20045,148638,2.1,Electric,Manual,3,White,172,41.7,2022-09-18
724,Honda,Model C,2012,29469,22306,4.1,Electric,Manual,2,Grey,361,21.7,2023-02-26
725,Honda,Model B,2021,18563,63822,4.5,Diesel,Automatic,3,White,188,13.2,2020-02-26
726,BMW,Model D,2019,16707,34042,2.6,Gasoline,Manual,5,Silver,307,29.5,2023-04-19
727,Ford,Model C,2021,20189,156158,4.5,Diesel,Automatic,5,Black,312,22.6,2020-09-02
728,BMW,Model C,2017,20713,158459,2.1,Hybrid,Automatic,2,Red,421,18.1,2020-05-23
729,Volkswagen,Model B,2009,15360,168114,3.1,Diesel,Manual,5,Blue,365,48.1,2022-12-10
730,Toyota,Model C,2016,16525,99424,4.4,Hybrid,Manual,4,Red,499,27.8,2021-01-02
731,Honda,Model B,2005,11411,192690,2.3,Electric,Manual,5,Blue,392,17.0,2020-08-05
732,Volkswagen,Model C,2009,16957,159395,4.8,Hybrid,Manual,5,Blue,306,17.9,2021-09-07
733,Volkswagen,Model A,2012,24734,28019,1.5,Hybrid,Automatic,5,Black,432,21.2,2023-07-04
734,Chevrolet,Model B,2017,19038,85426,1.1,Gasoline,Manual,3,Silver,176,50.0,2023-03-25
735,Toyota,Model C,2012,27063,50863,4.6,Hybrid,Manual,3,Red,387,20.7,2021-03-17
736,Volkswagen,Model D,2015,18701,121023,1.3,Hybrid,Manual,2,Silver,146,23.2,2022-04-20
737,Volkswagen,Model C,2005,9979,151355,5.0,Diesel,Manual,2,White,209,36.4,2022-08-13
738,Toyota,Model D,2017,24180,159351,4.8,Electric,Manual,2,Black,299,21.8,2021-11-29
739,Toyota,Model D,2007,15284,56999,1.5,Diesel,Automatic,5,Black,309,18.6,2022-05-25
740,Volkswagen,Model A,2021,18366,72780,3.2,Diesel,Automatic,3,White,475,16.3,2022-02-14
741,Toyota,Model B,2009,28663,32908,1.7,Electric,Manual,4,Red,253,22.5,2022-01-31
742,Volkswagen,Model C,2012,11873,136278,2.7,Electric,Manual,5,Grey,109,14.2,2022-08-02
743,Volkswagen,Model A,2018,21153,123002,1.2,Hybrid,Automatic,5,White,452,10.7,2022-07-11
744,Chevrolet,Model C,2008,19716,191297,1.9,Hybrid,Manual,5,Red,256,42.2,2022-07-23
745,Ford,Model D,2015,24906,179024,2.5,Gasoline,Automatic,4,Blue,360,15.5,2020-01-25
746,Volkswagen,Model B,2019,25986,110706,2.8,Diesel,Automatic,2,Black,176,41.0,2022-03-16
747,BMW,Model C,2011,21846,178735,4.9,Electric,Manual,4,Red,356,41.9,2022-02-02
748,Honda,Model C,2015,17477,132019,4.2,Hybrid,Automatic,2,Silver,230,31.5,2022-12-19
749,Ford,Model D,2009,23313,119708,3.9,Electric,Manual,4,Silver,166,22.4,2021-03-09
750,Ford,Model C,2009,29349,189001,3.1,Hybrid,Manual,3,Black,327,15.8,2022-05-28
751,Ford,Model C,2012,19808,19343,4.4,Gasoline,Automatic,5,White,262,39.5,2022-12-25
752,Chevrolet,Model D,2014,18129,86173,2.4,Gasoline,Automatic,5,Grey,114,34.1,2022-06-28
753,Volkswagen,Model A,2010,22717,110260,3.8,Electric,Manual,5,White,331,36.2,2021-07-18
754,Chevrolet,Model D,2019,20271,180863,5.0,Gasoline,Automatic,2,Red,294,10.3,2020-04-15
755,Volkswagen,Model A,2020,10636,170206,2.3,Electric,Manual,4,White,448,47.1,2020-04-05
756,Chevrolet,Model B,2021,21675,188173,3.7,Hybrid,Automatic,3,Black,129,12.7,2020-06-16
757,Chevrolet,Model A,2012,10572,79443,4.4,Diesel,Automatic,4,Red,458,24.7,2020-02-11
758,Honda,Model A,2012,22621,67530,4.7,Gasoline,Manual,5,Blue,437,26.1,2020-04-13
759,BMW,Model B,2013,14420,187871,3.9,Hybrid,Manual,3,White,430,10.1,2023-05-12
760,Chevrolet,Model A,2006,20258,145899,2.1,Diesel,Manual,3,White,415,29.9,2021-06-03
761,Honda,Model D,2019,22734,106143,2.3,Diesel,Automatic,5,Grey,395,40.1,2020-10-08
762,Toyota,Model A,2022,37177,154771,1.1,Diesel,Manual,4,Red,429,42.9,2022-12-02
763,BMW,Model B,2007,25199,124527,4.0,Hybrid,Manual,5,Silver,319,45.2,2022-08-04
764,Chevrolet,Model D,2021,29553,146385,1.2,Hybrid,Automatic,4,White,476,29.5,2023-02-07
765,Ford,Model B,2008,33102,154670,4.5,Electric,Automatic,3,Black,246,35.2,2023-05-18
766,Toyota,Model B,2008,23424,121362,1.5,Diesel,Manual,3,White,358,13.2,2022-01-18
767,Toyota,Model C,2018,21999,38807,1.7,Diesel,Manual,5,Grey,391,29.5,2022-04-10
768,Honda,Model C,2013,12532,186298,2.9,Diesel,Manual,3,Blue,398,16.2,2020-02-18
769,Toyota,Model B,2013,19183,69550,4.0,Electric,Manual,2,Grey,242,24.8,2020-04-24
770,BMW,Model B,2022,14938,13558,1.6,Diesel,Automatic,3,White,334,23.2,2023-03-24
771,Chevrolet,Model B,2014,17192,60113,2.8,Hybrid,Automatic,2,Silver,214,26.9,2021-05-17
772,Chevrolet,Model C,2008,33094,62999,2.9,Diesel,Manual,3,White,464,32.9,2022-09-12
773,Ford,Model C,2016,20802,196950,1.8,Gasoline,Manual,5,Red,189,46.1,2020-03-11
774,Honda,Model A,2012,13868,177415,1.5,Hybrid,Manual,5,White,307,25.8,2022-10-08
775,Ford,Model A,2006,29621,68219,4.3,Electric,Automatic,2,Silver,263,49.2,2023-09-21
776,Toyota,Model B,2017,26686,176258,3.0,Diesel,Manual,5,Red,183,40.4,2020-03-07
777,Ford,Model D,2020,27053,178038,1.1,Gasoline,Manual,3,Black,176,30.5,2022-08-24
778,BMW,Model D,2006,5957,174841,4.2,Electric,Automatic,3,Red,260,35.8,2023-05-21
779,Chevrolet,Model C,2015,33640,63218,4.9,Electric,Automatic,5,Grey,104,14.1,2020-06-29
780,Toyota,Model C,2014,16090,29229,3.4,Hybrid,Manual,3,Blue,177,43.8,2021-09-04
781,Ford,Model C,2019,25445,85209,3.0,Electric,Manual,4,Grey,190,33.3,2021-11-27
782,Honda,Model B,2021,37666,37877,4.5,Electric,Automatic,4,Red,186,49.4,2021-08-25
783,BMW,Model D,2012,35087,199073,4.8,Electric,Manual,3,Black,369,35.5,2020-09-04
784,BMW,Model A,2022,13157,107137,4.0,Electric,Manual,5,White,203,43.4,2023-05-22
785,Ford,Model B,2013,9888,48084,2.8,Diesel,Automatic,2,Red,438,42.0,2020-12-24
786,Chevrolet,Model A,2012,30012,91780,3.4,Diesel,Automatic,5,Grey,274,23.8,2020-09-05
787,Ford,Model A,2018,20994,157878,3.8,Diesel,Automatic,2,Red,153,20.4,2021-09-29
788,Toyota,Model B,2022,16493,47034,1.8,Diesel,Manual,5,Red,487,27.2,2022-08-07
789,Ford,Model A,2016,24348,181389,2.8,Gasoline,Automatic,3,Red,310,28.7,2023-01-16
790,BMW,Model D,2018,18859,65468,4.3,Diesel,Automatic,4,Black,194,19.6,2021-10-24
791,Ford,Model A,2021,24909,160166,3.6,Electric,Manual,5,Silver,322,45.8,2020-06-24
792,Chevrolet,Model D,2007,20468,198868,2.6,Diesel,Manual,2,Silver,108,31.7,2021-12-23
793,Honda,Model D,2011,25056,20589,3.7,Diesel,Automatic,4,Red,152,49.1,2021-03-01
794,Volkswagen,Model D,2021,13738,67221,1.5,Hybrid,Automatic,2,Black,176,42.4,2022-02-09
795,Ford,Model C,2016,29971,11657,2.6,Electric,Manual,3,Black,305,32.2,2021-12-03
796,Chevrolet,Model A,2013,24883,108300,4.2,Diesel,Manual,4,Red,415,47.9,2020-03-21
797,Chevrolet,Model B,2019,24524,127229,1.9,Diesel,Automatic,2,Grey,401,30.2,2022-07-15
798,Honda,Model B,2022,12176,49531,1.7,Diesel,Automatic,5,Grey,409,45.5,2020-05-17
799,BMW,Model A,2017,31897,62227,4.8,Gasoline,Manual,3,Blue,429,24.3,2023-12-27
800,Chevrolet,Model C,2012,19903,13164,1.8,Diesel,Automatic,3,Red,211,25.1,2021-04-14
801,Chevrolet,Model C,2018,25096,103078,2.0,Hybrid,Manual,3,Blue,450,26.7,2020-12-15
802,Chevrolet,Model D,2012,17740,51247,4.9,Electric,Automatic,5,Grey,264,31.9,2023-02-23
803,Chevrolet,Model A,2018,21826,160673,3.9,Electric,Manual,5,Grey,378,32.1,2023-08-25
804,Toyota,Model A,2011,22079,60599,3.8,Diesel,Manual,4,Red,126,29.9,2023-06-07
805,Toyota,Model B,2016,3000,145624,4.4,Diesel,Automatic,5,Blue,169,22.2,2023-09-30
806,BMW,Model A,2015,24077,150489,1.5,Diesel,Automatic,4,Blue,317,47.1,2020-11-05
807,Ford,Model C,2015,33757,199651,3.8,Electric,Manual,3,Red,464,33.5,2022-11-09
808,Chevrolet,Model A,2017,23778,78207,3.0,Electric,Automatic,4,Blue,288,26.3,2022-09-28
809,Honda,Model B,2022,13296,82055,4.3,Gasoline,Automatic,2,White,432,36.0,2020-09-25
810,Ford,Model D,2006,24549,112266,3.0,Hybrid,Automatic,3,Grey,405,40.7,2022-10-23
811,Honda,Model B,2019,27416,88270,3.5,Gasoline,Manual,3,Silver,223,48.4,2022-02-08
812,Ford,Model B,2022,23587,121426,2.9,Hybrid,Automatic,4,Black,118,30.0,2020-01-16
813,BMW,Model D,2019,19481,144794,2.9,Gasoline,Automatic,3,Blue,356,14.5,2021-08-28
814,Chevrolet,Model B,2016,18304,80442,4.1,Electric,Manual,5,Blue,395,27.6,2023-10-13
815,Chevrolet,Model B,2017,18275,105632,3.5,Gasoline,Automatic,2,Black,121,29.2,2022-03-23
816,Volkswagen,Model A,2015,24884,181103,3.5,Hybrid,Automatic,4,Blue,467,45.9,2023-03-02
817,Honda,Model A,2009,10150,31438,2.8,Diesel,Manual,4,Black,139,25.8,2023-08-28
818,Ford,Model D,2005,17396,68819,3.1,Hybrid,Manual,3,Red,137,48.1,2021-04-26
819,Ford,Model A,2007,31169,53856,4.0,Diesel,Automatic,5,White,147,29.4,2022-06-13
820,Toyota,Model A,2011,31439,174648,4.3,Electric,Automatic,3,White,282,49.0,2023-08-21
821,Volkswagen,Model B,2016,9652,51938,3.8,Hybrid,Manual,3,Grey,174,10.3,2020-09-25
822,Toyota,Model C,2019,12080,190100,4.7,Gasoline,Manual,4,Silver,308,46.0,2021-02-17
823,Toyota,Model A,2009,18105,69807,4.3,Hybrid,Automatic,3,Blue,282,47.2,2020-01-25
824,Toyota,Model C,2019,26248,59877,3.2,Diesel,Automatic,2,Silver,206,48.4,2020-11-11
825,Honda,Model A,2012,7207,53461,3.7,Electric,Automatic,3,Red,287,10.5,2021-07-24
826,Honda,Model A,2014,19616,103474,4.7,Gasoline,Manual,3,White,363,16.9,2021-12-25
827,BMW,Model D,2020,16680,181541,3.5,Hybrid,Automatic,4,Red,185,36.2,2022-10-04
828,BMW,Model D,2012,29281,93136,4.3,Diesel,Manual,3,Red,423,11.0,2023-07-23
829,Toyota,Model D,2005,8261,30435,3.8,Gasoline,Manual,5,Blue,430,12.5,2021-01-23
830,Volkswagen,Model C,2016,20647,155263,3.2,Electric,Manual,4,Red,236,18.8,2021-12-22
831,Ford,Model B,2009,17244,94726,2.0,Gasoline,Automatic,3,White,445,30.5,2021-03-19
832,Honda,Model A,2007,30288,168458,2.7,Electric,Automatic,2,Silver,485,31.8,2022-09-25
833,Volkswagen,Model A,2005,24183,172793,4.9,Gasoline,Automatic,2,White,435,11.4,2023-12-21
834,Chevrolet,Model A,2008,15899,64786,3.6,Hybrid,Manual,4,Blue,194,16.8,2022-12-16
835,Honda,Model C,2012,25973,23704,3.3,Diesel,Automatic,4,White,425,30.0,2021-11-27
836,Honda,Model D,2007,17278,66635,4.7,Hybrid,Manual,3,Black,344,33.8,2022-08-28
837,BMW,Model B,2014,26995,143195,3.3,Hybrid,Manual,5,Silver,189,15.9,2021-12-21
838,Ford,Model C,2006,18340,100710,3.1,Electric,Manual,3,Black,158,26.0,2021-01-02
839,Ford,Model D,2015,27382,72993,4.0,Electric,Manual,2,Black,127,46.2,2020-12-07
840,Chevrolet,Model C,2014,23052,122752,3.9,Electric,Manual,5,Grey,171,50.0,2020-10-30
841,Chevrolet,Model B,2018,42823,166488,1.8,Hybrid,Manual,5,Blue,369,49.5,2022-02-02
842,Honda,Model D,2011,19629,142886,2.9,Gasoline,Automatic,5,Red,123,45.3,2023-10-29
843,Toyota,Model C,2006,22680,88537,2.9,Gasoline,Manual,3,Black,211,25.8,2022-03-26
844,BMW,Model B,2013,16644,60258,2.5,Hybrid,Automatic,2,White,399,37.5,2020-04-21
845,BMW,Model A,2020,20018,157580,3.1,Hybrid,Manual,4,Red,155,26.7,2022-05-27
846,Honda,Model B,2017,3000,95166,2.7,Diesel,Automatic,3,White,322,35.9,2022-10-26
847,Volkswagen,Model A,2013,23259,123710,1.8,Electric,Automatic,4,White,219,22.4,2022-07-18
848,Toyota,Model C,2008,29400,45699,2.6,Electric,Automatic,5,Red,278,34.2,2021-12-03
849,Honda,Model D,2014,22776,56335,1.3,Hybrid,Automatic,5,Red,387,31.0,2022-04-25
850,Toyota,Model D,2016,10802,56806,3.3,Hybrid,Manual,3,White,380,11.0,2022-08-01
851,Toyota,Model C,2021,14387,87853,4.4,Gasoline,Manual,2,Blue,471,41.6,2020-10-05
852,Toyota,Model D,2018,3000,45739,3.9,Hybrid,Manual,5,Silver,288,10.5,2021-01-16
853,Honda,Model D,2018,26852,44785,2.4,Gasoline,Manual,4,Grey,165,21.7,2020-01-13
854,BMW,Model A,2006,12954,173052,1.3,Hybrid,Automatic,4,Silver,397,10.2,2020-10-29
855,BMW,Model C,2015,19799,95016,1.8,Diesel,Automatic,3,Blue,348,25.0,2020-06-08
856,Toyota,Model B,2020,18923,142681,3.2,Diesel,Automatic,4,Grey,175,12.5,2020-06-02
857,Volkswagen,Model A,2010,30414,76253,1.8,Gasoline,Manual,2,Red,236,46.5,2022-01-23
858,Ford,Model C,2009,20596,101128,3.2,Electric,Automatic,5,Grey,263,26.6,2020-06-29
859,Honda,Model A,2008,25662,169213,1.9,Diesel,Manual,4,White,332,28.4,2023-04-18
860,Ford,Model B,2019,23825,171081,4.4,Gasoline,Automatic,4,Silver,354,24.0,2021-01-11
861,Volkswagen,Model B,2008,29515,137581,2.6,Hybrid,Automatic,5,Grey,393,35.1,2022-02-14
862,Honda,Model C,2014,18326,120966,2.0,Hybrid,Automatic,3,White,269,41.4,2023-04-06
863,Toyota,Model B,2007,33087,147854,4.2,Gasoline,Automatic,4,Blue,416,35.9,2023-05-22
864,BMW,Model A,2009,6100,109352,2.4,Electric,Automatic,3,Grey,273,39.9,2023-03-19
865,Ford,Model B,2010,26002,167005,1.4,Gasoline,Manual,3,White,444,46.2,2020-01-16
866,Chevrolet,Model A,2012,13933,87154,3.3,Gasoline,Automatic,4,Blue,117,44.5,2023-01-19
867,Chevrolet,Model A,2011,16550,149379,3.3,Diesel,Manual,2,Red,169,37.0,2023-02-17
868,Volkswagen,Model B,2014,23985,118297,3.9,Gasoline,Manual,3,Blue,437,18.6,2020-09-09
869,Toyota,Model C,2010,23929,48346,2.0,Gasoline,Manual,4,Blue,215,35.5,2022-12-19
870,Ford,Model D,2018,24244,122138,2.8,Hybrid,Manual,3,Silver,179,30.2,2023-07-13
871,Toyota,Model B,2008,10296,60772,2.1,Diesel,Manual,5,White,114,38.7,2023-12-03
872,Ford,Model A,2017,30143,50149,1.3,Hybrid,Manual,2,Grey,275,43.3,2020-01-31
873,Volkswagen,Model A,2021,13695,96700,4.5,Hybrid,Manual,2,Silver,368,39.7,2022-11-10
874,Volkswagen,Model B,2011,14628,168598,3.9,Electric,Manual,5,Black,218,43.9,2021-12-31
875,Chevrolet,Model C,2008,24465,106758,2.2,Electric,Automatic,5,Blue,398,12.6,2020-10-15
876,Toyota,Model C,2018,17992,138447,3.4,Diesel,Automatic,3,Black,287,11.3,2021-05-12
877,Honda,Model A,2007,22157,15695,1.8,Diesel,Manual,5,Silver,156,20.3,2023-11-29
878,Chevrolet,Model A,2009,4903,49169,4.6,Electric,Manual,2,White,298,46.0,2021-07-01
879,Toyota,Model C,2020,21990,57947,1.5,Electric,Manual,5,Silver,116,42.9,2022-08-18
880,Chevrolet,Model D,2008,21524,188296,1.0,Electric,Automatic,4,White,387,37.3,2020-05-11
881,Honda,Model B,2006,16430,55865,3.0,Electric,Automatic,4,White,154,38.0,2023-09-09
882,BMW,Model A,2022,5481,166625,3.3,Electric,Manual,3,Red,368,39.1,2022-05-07
883,BMW,Model A,2021,18510,114501,3.3,Hybrid,Manual,2,Blue,402,47.7,2023-03-01
884,BMW,Model C,2018,19738,70410,1.2,Diesel,Automatic,4,Silver,186,43.3,2021-06-04
885,BMW,Model B,2017,17429,113754,2.3,Hybrid,Automatic,5,White,417,34.9,2020-01-30
886,Ford,Model C,2016,7146,100895,3.0,Hybrid,Manual,4,Silver,128,36.6,2021-09-18
887,BMW,Model B,2010,31163,165888,1.9,Gasoline,Manual,4,Silver,121,18.5,2023-08-17
888,Honda,Model B,2008,15527,196098,4.5,Hybrid,Manual,3,White,420,36.3,2020-01-04
889,Volkswagen,Model B,2020,18444,60705,1.3,Electric,Manual,5,Grey,384,27.0,2023-09-10
890,Volkswagen,Model A,2017,3133,125700,2.9,Electric,Automatic,5,Black,147,16.1,2021-05-23
891,Ford,Model D,2008,31163,83914,3.8,Gasoline,Automatic,5,Blue,104,42.3,2023-06-14
892,BMW,Model C,2021,16734,11881,2.0,Gasoline,Manual,3,Blue,349,30.4,2020-01-16
893,BMW,Model D,2005,20689,180639,3.5,Gasoline,Manual,5,Grey,262,49.1,2022-09-23
894,BMW,Model C,2022,27845,57365,4.3,Gasoline,Manual,5,Red,301,21.3,2022-08-13
895,Chevrolet,Model B,2021,15265,89211,1.8,Gasoline,Automatic,4,Grey,200,29.2,2023-06-07
896,Toyota,Model A,2019,26742,166078,4.7,Hybrid,Manual,4,Red,170,27.9,2023-02-04
897,Chevrolet,Model D,2015,5570,51198,3.2,Gasoline,Manual,5,Red,262,14.8,2023-11-13
898,Toyota,Model A,2017,23856,163903,2.2,Hybrid,Manual,2,Grey,272,27.0,2020-09-19
899,BMW,Model C,2005,31005,110649,2.7,Diesel,Automatic,2,Blue,240,21.5,2022-12-24
900,BMW,Model A,2021,15937,157531,2.2,Gasoline,Manual,5,Black,237,16.4,2020-09-21
901,Chevrolet,Model A,2010,27832,173515,3.9,Gasoline,Automatic,2,Blue,165,21.3,2023-09-23
902,Chevrolet,Model D,2008,32837,183388,4.2,Hybrid,Manual,3,Blue,297,19.3,2023-08-17
903,Toyota,Model B,2020,18216,146949,4.3,Diesel,Manual,4,Blue,427,39.4,2021-01-12
904,Volkswagen,Model A,2019,17637,49553,4.9,Hybrid,Manual,3,Grey,327,11.2,2023-04-13
905,Toyota,Model B,2019,13711,145994,4.2,Hybrid,Automatic,4,Grey,380,34.7,2022-08-20
906,Chevrolet,Model C,2010,16431,132778,3.4,Gasoline,Manual,2,Grey,271,40.4,2023-03-21
907,Honda,Model A,2019,14292,127018,2.4,Electric,Manual,2,Blue,415,29.2,2021-04-20
908,Chevrolet,Model D,2018,13706,145758,3.2,Electric,Automatic,5,Black,139,47.3,2023-07-13
909,Honda,Model C,2015,28391,42766,1.2,Hybrid,Automatic,2,Red,106,38.3,2020-11-24
910,Ford,Model C,2011,14470,42006,4.0,Gasoline,Automatic,2,Silver,273,39.9,2023-04-01
911,Chevrolet,Model D,2013,21809,41422,2.8,Diesel,Manual,5,Red,250,17.9,2021-03-13
912,Ford,Model A,2020,20267,126590,1.1,Electric,Automatic,5,Red,310,41.1,2023-09-28
913,Volkswagen,Model A,2009,30486,22205,1.3,Diesel,Manual,4,Silver,401,43.3,2023-10-22
914,Toyota,Model C,2014,16477,164599,2.5,Electric,Automatic,2,Blue,185,24.5,2023-05-07
915,Honda,Model A,2022,22668,159515,3.3,Gasoline,Automatic,4,Black,496,18.5,2020-01-16
916,Toyota,Model B,2007,25537,157596,2.9,Hybrid,Automatic,4,Black,352,25.4,2023-08-12
917,Ford,Model D,2017,30428,126477,3.5,Diesel,Manual,3,Red,120,39.6,2022-05-17
918,Honda,Model B,2015,16375,38202,2.9,Diesel,Manual,2,Silver,356,26.7,2021-05-25
919,Toyota,Model A,2021,15674,187214,3.6,Hybrid,Manual,2,White,478,39.5,2022-09-10
920,Chevrolet,Model C,2017,12567,71692,1.9,Diesel,Manual,3,Blue,480,14.5,2023-06-16
921,BMW,Model D,2010,35654,30855,1.5,Electric,Manual,4,Red,132,42.2,2021-08-03
922,Ford,Model A,2021,29691,35095,3.4,Hybrid,Manual,2,Black,359,20.1,2023-08-17
923,Toyota,Model A,2017,19704,179796,2.9,Electric,Manual,4,Grey,333,20.0,2020-01-06
924,Ford,Model C,2014,33520,59241,1.1,Electric,Manual,3,Grey,102,33.6,2023-05-28
925,Ford,Model C,2007,19286,113119,2.5,Gasoline,Manual,5,Silver,446,12.8,2022-10-15
926,Honda,Model B,2018,25070,62003,1.4,Electric,Automatic,4,Silver,407,11.1,2023-12-27
927,Honda,Model D,2009,20071,104837,3.1,Gasoline,Automatic,2,Red,326,20.4,2022-03-17
928,BMW,Model D,2009,22784,104283,2.6,Diesel,Manual,5,White,383,31.5,2023-11-10
929,Chevrolet,Model C,2021,22042,157044,3.5,Diesel,Manual,4,Black,169,46.3,2021-09-10
930,Ford,Model B,2014,17025,133805,4.2,Gasoline,Manual,4,Red,412,43.9,2023-08-11
931,Toyota,Model D,2009,27647,103846,2.2,Electric,Manual,5,White,463,29.6,2023-02-15
932,Volkswagen,Model C,2008,25011,32927,4.8,Hybrid,Automatic,5,Silver,353,11.5,2021-02-08
933,Ford,Model A,2010,27193,130589,3.1,Hybrid,Automatic,5,Grey,243,31.4,2022-09-23
934,Ford,Model D,2008,22241,125657,3.5,Gasoline,Manual,2,Blue,123,38.2,2021-08-16
935,BMW,Model B,2011,13654,76630,3.7,Diesel,Automatic,2,Grey,333,23.6,2021-07-19
936,Chevrolet,Model B,2011,31965,114428,3.7,Diesel,Automatic,4,Black,432,14.4,2022-01-21
937,Volkswagen,Model B,2022,18162,132035,3.0,Hybrid,Manual,4,Black,274,21.1,2020-01-12
938,Honda,Model A,2007,22548,193419,2.7,Gasoline,Manual,3,Grey,431,40.9,2023-05-17
939,Honda,Model D,2005,24447,136244,1.2,Hybrid,Manual,2,Grey,424,24.0,2020-06-13
940,Toyota,Model D,2008,22501,79518,1.1,Electric,Manual,4,White,456,42.5,2022-05-27
941,Volkswagen,Model A,2010,26407,186355,2.4,Electric,Automatic,5,Red,258,22.8,2023-08-10
942,Honda,Model D,2013,27513,91326,2.3,Gasoline,Manual,5,Silver,447,16.5,2020-03-18
943,Toyota,Model A,2018,18426,153277,2.6,Gasoline,Automatic,2,White,447,27.4,2023-12-28
944,Chevrolet,Model A,2016,31378,130243,1.6,Electric,Manual,5,Blue,385,28.1,2021-09-05
945,Toyota,Model A,2008,18131,22748,4.0,Diesel,Automatic,3,Grey,117,10.6,2022-05-18
946,Honda,Model B,2016,22357,162169,4.4,Gasoline,Manual,4,Blue,143,14.7,2022-03-22
947,BMW,Model D,2014,17286,144164,4.8,Electric,Manual,4,Blue,254,17.4,2023-01-05
948,BMW,Model A,2011,15285,63311,3.0,Electric,Automatic,4,White,454,14.5,2022-12-07
949,BMW,Model D,2007,27309,32692,3.8,Diesel,Automatic,2,Silver,476,23.7,2022-02-05
950,Honda,Model B,2018,41853,134954,4.4,Diesel,Automatic,5,Black,330,48.6,2020-03-22
951,BMW,Model A,2014,17467,164934,2.7,Diesel,Manual,3,Red,470,30.4,2020-07-27
952,Volkswagen,Model C,2020,28507,140035,2.2,Diesel,Automatic,2,Black,415,35.1,2021-06-05
953,Chevrolet,Model B,2020,17718,89507,4.7,Hybrid,Automatic,4,Silver,324,24.3,2022-11-18
954,Toyota,Model C,2014,19926,90152,3.1,Diesel,Automatic,3,Black,316,22.9,2023-08-20
955,Toyota,Model D,2017,32303,14926,3.0,Hybrid,Automatic,4,Grey,155,10.9,2022-09-20
956,Honda,Model D,2010,12485,13969,1.7,Gasoline,Automatic,4,Grey,130,30.0,2021-04-09
957,BMW,Model B,2016,10632,45733,1.4,Electric,Automatic,2,White,456,29.3,2021-09-19
958,BMW,Model D,2013,19389,79855,4.4,Hybrid,Automatic,4,Blue,158,16.3,2022-02-19
959,Ford,Model C,2017,24645,51743,3.5,Gasoline,Automatic,3,Silver,479,40.6,2023-12-22
960,Chevrolet,Model A,2008,23245,140193,2.3,Gasoline,Automatic,4,Silver,485,29.7,2021-07-12
961,Volkswagen,Model A,2015,22524,180948,1.8,Hybrid,Manual,5,Black,452,23.6,2023-10-14
962,Toyota,Model A,2022,20238,117445,3.2,Gasoline,Manual,4,White,334,15.9,2022-08-17
963,Ford,Model B,2015,25505,30323,3.3,Gasoline,Automatic,2,Black,206,32.1,2020-03-31
964,Ford,Model D,2008,3000,26428,1.8,Hybrid,Manual,3,Black,290,40.1,2022-12-12
965,Honda,Model C,2022,14744,44578,4.4,Gasoline,Manual,2,Silver,117,21.3,2022-05-09
966,Toyota,Model D,2005,19344,96486,1.3,Diesel,Automatic,5,Black,325,18.8,2023-05-12
967,Honda,Model D,2011,24931,74140,2.4,Diesel,Automatic,4,Blue,266,30.9,2021-07-09
968,Volkswagen,Model D,2010,30428,117325,3.7,Electric,Automatic,2,Black,170,16.2,2020-06-04
969,Ford,Model A,2019,13804,93829,2.1,Gasoline,Automatic,2,Blue,461,36.7,2020-01-02
970,Ford,Model C,2022,30199,16364,4.3,Electric,Automatic,2,Silver,153,34.2,2023-10-12
971,Chevrolet,Model C,2015,16832,138867,4.0,Diesel,Automatic,2,White,344,13.5,2022-04-04
972,Volkswagen,Model D,2019,19090,176421,4.2,Diesel,Manual,5,Grey,449,11.5,2022-03-12
973,Ford,Model A,2020,24070,141763,1.5,Diesel,Automatic,5,Blue,175,34.8,2022-09-09
974,Volkswagen,Model A,2011,18577,105598,1.6,Gasoline,Manual,4,White,134,21.8,2022-12-17
975,Toyota,Model C,2014,27770,186968,2.1,Gasoline,Automatic,4,White,366,13.5,2023-07-01
976,BMW,Model A,2016,17167,67062,3.1,Diesel,Automatic,3,Blue,416,40.4,2023-04-18
977,Ford,Model A,2018,17273,154933,4.0,Electric,Manual,5,Silver,399,22.6,2021-05-07
978,Chevrolet,Model A,2009,27363,98302,4.3,Electric,Automatic,2,Red,220,28.4,2021-10-30
979,Toyota,Model B,2022,14658,73928,3.8,Hybrid,Automatic,2,White,423,19.5,2022-11-24
980,Volkswagen,Model D,2009,21742,51347,4.7,Diesel,Manual,3,White,124,35.1,2020-03-15
981,Honda,Model C,2007,8376,13121,4.0,Electric,Automatic,2,Silver,259,22.1,2022-08-01
982,Toyota,Model C,2009,32737,93793,2.2,Diesel,Manual,3,Silver,183,48.7,2023-08-05
983,Ford,Model B,2021,28445,38164,2.1,Electric,Automatic,4,Black,213,38.1,2021-01-05
984,Volkswagen,Model D,2016,39250,35491,3.8,Hybrid,Automatic,5,Silver,322,15.5,2021-08-09
985,BMW,Model C,2013,29368,69222,1.8,Hybrid,Manual,3,White,487,26.7,2020-11-24
986,Toyota,Model A,2005,12092,164237,1.4,Diesel,Automatic,2,Blue,265,25.4,2021-08-12
987,Ford,Model C,2022,24680,13748,3.1,Electric,Manual,3,Red,290,31.4,2022-02-15
988,Chevrolet,Model A,2008,13573,36553,4.3,Gasoline,Manual,4,Black,274,43.7,2020-10-30
989,Honda,Model B,2014,31046,126547,1.4,Hybrid,Manual,2,Blue,100,33.3,2021-08-01
990,Volkswagen,Model A,2011,12292,70380,4.2,Diesel,Automatic,4,Red,486,12.5,2020-08-08
991,Toyota,Model C,2005,11955,54331,4.2,Diesel,Automatic,4,Red,328,36.2,2022-09-05
992,Toyota,Model C,2021,8731,130617,2.9,Electric,Manual,3,Red,185,10.3,2023-04-02
993,BMW,Model C,2006,16581,49560,1.2,Diesel,Automatic,4,Grey,161,41.2,2021-01-09
994,BMW,Model B,2015,15173,63865,1.7,Hybrid,Automatic,2,Blue,419,36.7,2023-05-28
995,Chevrolet,Model B,2013,11168,187758,3.8,Diesel,Automatic,4,Black,481,22.4,2023-07-01
996,Honda,Model D,2011,33928,85910,3.8,Diesel,Manual,4,Black,305,21.7,2020-07-06
997,Chevrolet,Model C,2021,23709,145747,4.6,Gasoline,Automatic,3,Red,204,41.9,2023-04-29
998,Ford,Model A,2021,22885,87986,3.3,Gasoline,Manual,4,Blue,417,41.3,2023-11-13
999,Ford,Model B,2006,31124,20068,1.5,Hybrid,Automatic,5,Grey,390,24.1,2023-05-23
1000,Chevrolet,Model C,2010,21793,64460,1.5,Electric,Automatic,3,Red,349,22.0,2023-10-30
